2026/10/03 03:35:31.883, 18277, 0, 3030, 99.90, 4
2026/10/03 03:35:31.937, 18333, 0, 3030, 99.90, 4
2026/10/03 03:35:31.987, 18333, 0, 3030, 99.90, 4
2026/10/03 03:35:32.037, 18333, 0, 3030, 99.90, 4
2026/10/03 03:35:32.087, 18333, 0, 3030, 99.90, 4
2026/10/03 03:35:32.137, 18333, 0, 3030, 99.90, 4
2026/10/03 03:35:32.188, 18333, 0, 3030, 99.90, 4
2026/10/03 03:35:32.238, 18333, 0, 3030, 99.90, 4
2026/10/03 03:35:32.288, 18333, 0, 3030, 99.90, 4
2026/10/03 03:35:32.338, 18333, 0, 3030, 99.90, 4
2026/10/03 03:35:32.388, 18333, 0, 3030, 99.90, 4
2026/10/03 03:35:32.439, 18333, 0, 2977, 412.92, 4
2026/10/03 03:35:32.489, 18333, 0, 2977, 412.92, 4
2026/10/03 03:35:32.539, 18333, 0, 2977, 412.92, 4
2026/10/03 03:35:32.589, 18333, 0, 2977, 412.92, 4
2026/10/03 03:35:32.639, 18333, 0, 2977, 412.92, 4
2026/10/03 03:35:32.690, 18333, 0, 2977, 412.92, 4
2026/10/03 03:35:32.740, 18333, 0, 2977, 412.92, 4
2026/10/03 03:35:32.790, 18333, 0, 2977, 412.92, 4
2026/10/03 03:35:32.840, 18333, 0, 2977, 412.92, 4
2026/10/03 03:35:32.890, 18333, 0, 2977, 412.92, 4
2026/10/03 03:35:32.941, 18333, 90, 3000, 412.48, 4
2026/10/03 03:35:32.991, 18333, 90, 3000, 412.48, 4
2026/10/03 03:35:33.041, 18333, 90, 3000, 412.48, 4
2026/10/03 03:35:33.091, 18333, 90, 3000, 412.48, 4
2026/10/03 03:35:33.142, 18333, 90, 3000, 412.48, 4
2026/10/03 03:35:33.192, 18333, 90, 3000, 412.48, 4
2026/10/03 03:35:33.242, 18333, 90, 3000, 412.48, 4
2026/10/03 03:35:33.292, 18333, 90, 3000, 412.48, 4
2026/10/03 03:35:33.342, 18333, 90, 3000, 412.48, 4
2026/10/03 03:35:33.393, 18333, 90, 3000, 412.48, 4
2026/10/03 03:35:33.443, 18333, 90, 3015, 414.73, 4
2026/10/03 03:35:33.493, 18333, 90, 3015, 414.73, 4
2026/10/03 03:35:33.543, 18333, 90, 3015, 414.73, 4
2026/10/03 03:35:33.593, 18333, 90, 3015, 414.73, 4
2026/10/03 03:35:33.644, 18333, 90, 3015, 414.73, 4
2026/10/03 03:35:33.694, 18333, 90, 3015, 414.73, 4
2026/10/03 03:35:33.744, 18333, 90, 3015, 414.73, 4
2026/10/03 03:35:33.794, 18333, 90, 3015, 414.73, 4
2026/10/03 03:35:33.844, 18333, 90, 3015, 414.73, 4
2026/10/03 03:35:33.895, 18333, 90, 3015, 414.73, 4
2026/10/03 03:35:33.945, 18333, 90, 3007, 415.05, 4
2026/10/03 03:35:33.995, 18333, 90, 3007, 415.05, 4
2026/10/03 03:35:34.045, 18333, 90, 3007, 415.05, 4
2026/10/03 03:35:34.096, 18333, 90, 3007, 415.05, 4
2026/10/03 03:35:34.146, 18333, 90, 3007, 415.05, 4
2026/10/03 03:35:34.196, 18333, 90, 3007, 415.05, 4
2026/10/03 03:35:34.246, 18333, 90, 3007, 415.05, 4
2026/10/03 03:35:34.296, 18333, 90, 3007, 415.05, 4
2026/10/03 03:35:34.347, 18333, 90, 3007, 415.05, 4
