2026/10/03 03:35:35.554, 0, 0, 3030, 98.42, 4
2026/10/03 03:35:35.607, 0, 0, 3030, 98.42, 4
2026/10/03 03:35:35.657, 0, 0, 3030, 98.42, 4
2026/10/03 03:35:35.708, 0, 0, 3030, 98.42, 4
2026/10/03 03:35:35.758, 0, 0, 3030, 98.42, 4
2026/10/03 03:35:35.808, 0, 0, 3030, 98.42, 4
2026/10/03 03:35:35.858, 0, 0, 3030, 98.42, 4
2026/10/03 03:35:35.908, 0, 0, 3030, 98.42, 4
2026/10/03 03:35:35.959, 0, 0, 3030, 98.42, 4
2026/10/03 03:35:36.009, 0, 0, 3030, 98.42, 4
2026/10/03 03:35:36.059, 0, 0, 3030, 98.42, 4
2026/10/03 03:35:36.109, 0, 0, 3030, 98.42, 4
2026/10/03 03:35:36.159, 0, 0, 3030, 98.42, 4
2026/10/03 03:35:36.210, 0, 0, 3030, 98.42, 4
2026/10/03 03:35:36.260, 0, 0, 3030, 98.42, 4
2026/10/03 03:35:36.310, 0, 0, 3030, 98.42, 4
2026/10/03 03:35:36.360, 0, 0, 3030, 98.42, 4
2026/10/03 03:35:36.410, 0, 0, 3030, 98.81, 4
2026/10/03 03:35:36.461, 0, 0, 3030, 98.81, 4
2026/10/03 03:35:36.511, 0, 0, 3030, 98.81, 4
2026/10/03 03:35:36.561, 0, 0, 3030, 98.81, 4
2026/10/03 03:35:36.611, 0, 0, 3030, 98.81, 4
2026/10/03 03:35:36.661, 0, 0, 3030, 98.81, 4
2026/10/03 03:35:36.712, 0, 0, 3030, 98.81, 4
2026/10/03 03:35:36.762, 0, 0, 3030, 98.81, 4
2026/10/03 03:35:36.812, 0, 0, 3030, 98.81, 4
2026/10/03 03:35:36.862, 0, 0, 3030, 98.81, 4
2026/10/03 03:35:36.913, 0, 0, 622, 79.03, 4
2026/10/03 03:35:36.963, 0, 0, 622, 79.03, 4
2026/10/03 03:35:37.013, 0, 0, 622, 79.03, 4
2026/10/03 03:35:37.063, 0, 0, 622, 79.03, 4
2026/10/03 03:35:37.113, 0, 0, 622, 79.03, 4
2026/10/03 03:35:37.164, 1, 0, 622, 79.03, 4
2026/10/03 03:35:37.215, 1, 0, 622, 79.03, 4
2026/10/03 03:35:37.275, 3, 0, 622, 79.03, 4
2026/10/03 03:35:37.325, 3, 0, 622, 79.03, 4
2026/10/03 03:35:37.375, 3, 0, 622, 79.03, 4
2026/10/03 03:35:37.425, 3, 0, 442, 51.73, 4
2026/10/03 03:35:37.475, 3, 0, 442, 51.73, 4
2026/10/03 03:35:37.526, 3, 0, 442, 51.73, 4
2026/10/03 03:35:37.576, 3, 0, 442, 51.73, 4
2026/10/03 03:35:37.626, 20, 0, 442, 51.73, 4
2026/10/03 03:35:37.698, 21, 0, 442, 51.73, 4
2026/10/03 03:35:37.748, 507, 0, 442, 51.73, 4
2026/10/03 03:35:37.800, 507, 0, 442, 51.73, 4
2026/10/03 03:35:37.850, 507, 0, 442, 51.73, 4
2026/10/03 03:35:37.901, 507, 0, 2670, 82.67, 4
2026/10/03 03:35:37.951, 507, 0, 2670, 82.67, 4
2026/10/03 03:35:38.001, 507, 0, 2670, 82.67, 4
2026/10/03 03:35:38.051, 507, 0, 2670, 82.67, 4
2026/10/03 03:35:38.101, 507, 0, 2670, 82.67, 4
2026/10/03 03:35:38.152, 507, 0, 2670, 82.67, 4
2026/10/03 03:35:38.202, 507, 0, 2670, 82.67, 4
2026/10/03 03:35:38.252, 507, 0, 2670, 82.67, 4
2026/10/03 03:35:38.302, 507, 0, 2670, 82.67, 4
2026/10/03 03:35:38.352, 507, 0, 2670, 82.67, 4
2026/10/03 03:35:38.403, 507, 0, 2647, 83.57, 4
2026/10/03 03:35:38.453, 507, 0, 2647, 83.57, 4
2026/10/03 03:35:38.503, 507, 0, 2647, 83.57, 4
2026/10/03 03:35:38.553, 507, 0, 2647, 83.57, 4
2026/10/03 03:35:38.603, 507, 0, 2647, 83.57, 4
2026/10/03 03:35:38.654, 507, 0, 2647, 83.57, 4
2026/10/03 03:35:38.704, 507, 0, 2647, 83.57, 4
2026/10/03 03:35:38.754, 507, 0, 2647, 83.57, 4
2026/10/03 03:35:38.804, 507, 0, 2647, 83.57, 4
2026/10/03 03:35:38.854, 507, 0, 2647, 83.57, 4
2026/10/03 03:35:38.905, 507, 0, 2647, 82.56, 4
2026/10/03 03:35:38.955, 507, 0, 2647, 82.56, 4
2026/10/03 03:35:39.005, 507, 0, 2647, 82.56, 4
2026/10/03 03:35:39.055, 509, 0, 2647, 82.56, 4
2026/10/03 03:35:39.106, 541, 0, 2647, 82.56, 4
2026/10/03 03:35:39.156, 541, 0, 2647, 82.56, 4
2026/10/03 03:35:39.206, 621, 0, 2647, 82.56, 4
2026/10/03 03:35:39.258, 761, 0, 2647, 82.56, 4
2026/10/03 03:35:39.308, 821, 0, 2647, 82.56, 4
2026/10/03 03:35:39.359, 1001, 0, 2647, 82.56, 4
2026/10/03 03:35:39.409, 1001, 0, 2685, 83.26, 4
2026/10/03 03:35:39.459, 1005, 0, 2685, 83.26, 4
2026/10/03 03:35:39.509, 1081, 0, 2685, 83.26, 4
2026/10/03 03:35:39.559, 1081, 0, 2685, 83.26, 4
2026/10/03 03:35:39.610, 1081, 0, 2685, 83.26, 4
2026/10/03 03:35:39.660, 1081, 0, 2685, 83.26, 4
2026/10/03 03:35:39.710, 1081, 0, 2685, 83.26, 4
2026/10/03 03:35:39.760, 1081, 0, 2685, 83.26, 4
2026/10/03 03:35:39.810, 1081, 0, 2685, 83.26, 4
2026/10/03 03:35:39.860, 1081, 0, 2685, 83.26, 4
2026/10/03 03:35:39.911, 1081, 0, 2685, 83.11, 4
2026/10/03 03:35:39.961, 1123, 0, 2685, 83.11, 4
2026/10/03 03:35:40.011, 1145, 0, 2685, 83.11, 4
2026/10/03 03:35:40.061, 1145, 0, 2685, 83.11, 4
2026/10/03 03:35:40.112, 1425, 0, 2685, 83.11, 4
2026/10/03 03:35:40.162, 1707, 0, 2685, 83.11, 4
2026/10/03 03:35:40.213, 2067, 0, 2685, 83.11, 4
2026/10/03 03:35:40.263, 2329, 0, 2685, 83.11, 4
2026/10/03 03:35:40.314, 2609, 0, 2685, 83.11, 4
2026/10/03 03:35:40.365, 2991, 0, 2685, 83.11, 4
2026/10/03 03:35:40.415, 3251, 0, 2745, 109.90, 4
2026/10/03 03:35:40.466, 3513, 0, 2745, 109.90, 4
2026/10/03 03:35:40.517, 3893, 0, 2745, 109.90, 4
2026/10/03 03:35:40.567, 4155, 0, 2745, 109.90, 4
2026/10/03 03:35:40.617, 4435, 0, 2745, 109.90, 4
2026/10/03 03:35:40.667, 4797, 0, 2745, 109.90, 4
2026/10/03 03:35:40.717, 5057, 0, 2745, 109.90, 4
2026/10/03 03:35:40.767, 5339, 0, 2745, 109.90, 4
2026/10/03 03:35:40.818, 5719, 0, 2745, 109.90, 4
2026/10/03 03:35:40.869, 5981, 0, 2745, 109.90, 4
2026/10/03 03:35:40.919, 6261, 43, 3030, 125.40, 4
2026/10/03 03:35:40.970, 6623, 43, 3030, 125.40, 4
2026/10/03 03:35:41.020, 6885, 43, 3030, 125.40, 4
2026/10/03 03:35:41.071, 7165, 43, 3030, 125.40, 4
2026/10/03 03:35:41.121, 7547, 43, 3030, 125.40, 4
2026/10/03 03:35:41.172, 7807, 43, 3030, 125.40, 4
2026/10/03 03:35:41.222, 8069, 43, 3030, 125.40, 4
2026/10/03 03:35:41.272, 8449, 43, 3030, 125.40, 4
2026/10/03 03:35:41.323, 8449, 43, 3030, 125.40, 4
2026/10/03 03:35:41.373, 8449, 43, 3030, 125.40, 4
2026/10/03 03:35:41.423, 8449, 43, 3030, 102.18, 4
2026/10/03 03:35:41.474, 8449, 43, 3030, 102.18, 4
2026/10/03 03:35:41.524, 8711, 43, 3030, 102.18, 4
2026/10/03 03:35:41.574, 8991, 43, 3030, 102.18, 4
2026/10/03 03:35:41.625, 9353, 43, 3030, 102.18, 4
2026/10/03 03:35:41.675, 9613, 43, 3030, 102.18, 4
2026/10/03 03:35:41.725, 9895, 43, 3030, 102.18, 4
2026/10/03 03:35:41.775, 10275, 43, 3030, 102.18, 4
2026/10/03 03:35:41.825, 10537, 43, 3030, 102.18, 4
2026/10/03 03:35:41.876, 10817, 43, 3030, 102.18, 4
2026/10/03 03:35:41.926, 11179, 46, 3030, 125.62, 4
2026/10/03 03:35:41.976, 11439, 46, 3030, 125.62, 4
2026/10/03 03:35:42.027, 11721, 46, 3030, 125.62, 4
2026/10/03 03:35:42.078, 12101, 46, 3030, 125.62, 4
2026/10/03 03:35:42.128, 12363, 46, 3030, 125.62, 4
2026/10/03 03:35:42.178, 12623, 46, 3030, 125.62, 4
2026/10/03 03:35:42.228, 13005, 46, 3030, 125.62, 4
2026/10/03 03:35:42.278, 13265, 46, 3030, 125.62, 4
2026/10/03 03:35:42.328, 13547, 46, 3030, 125.62, 4
2026/10/03 03:35:42.379, 13907, 46, 3030, 125.62, 4
2026/10/03 03:35:42.429, 14169, 46, 3030, 127.50, 4
2026/10/03 03:35:42.479, 14449, 46, 3030, 127.50, 4
2026/10/03 03:35:42.529, 14831, 46, 3030, 127.50, 4
2026/10/03 03:35:42.579, 15111, 46, 3030, 127.50, 4
2026/10/03 03:35:42.629, 15473, 46, 3030, 127.50, 4
2026/10/03 03:35:42.680, 15733, 46, 3030, 127.50, 4
2026/10/03 03:35:42.730, 15739, 46, 3030, 127.50, 4
2026/10/03 03:35:42.780, 15739, 46, 3030, 127.50, 4
2026/10/03 03:35:42.830, 15739, 46, 3030, 127.50, 4
2026/10/03 03:35:42.881, 15739, 46, 3030, 127.50, 4
2026/10/03 03:35:42.931, 15599, 0, 3030, 100.10, 4
2026/10/03 03:35:42.981, 15639, 0, 3030, 100.10, 4
2026/10/03 03:35:43.032, 15641, 0, 3030, 100.10, 4
2026/10/03 03:35:43.082, 15643, 0, 3030, 100.10, 4
2026/10/03 03:35:43.132, 15649, 0, 3030, 100.10, 4
2026/10/03 03:35:43.182, 15653, 0, 3030, 100.10, 4
2026/10/03 03:35:43.232, 15657, 0, 3030, 100.10, 4
2026/10/03 03:35:43.282, 15881, 0, 3030, 100.10, 4
2026/10/03 03:35:43.333, 15983, 0, 3030, 100.10, 4
2026/10/03 03:35:43.383, 15983, 0, 3030, 100.10, 4
2026/10/03 03:35:43.433, 15983, 0, 3007, 228.80, 4
2026/10/03 03:35:43.483, 15983, 0, 3007, 228.80, 4
2026/10/03 03:35:43.533, 15983, 0, 3007, 228.80, 4
2026/10/03 03:35:43.584, 15983, 0, 3007, 228.80, 4
2026/10/03 03:35:43.634, 15983, 0, 3007, 228.80, 4
2026/10/03 03:35:43.684, 15995, 0, 3007, 228.80, 4
2026/10/03 03:35:43.734, 16003, 0, 3007, 228.80, 4
2026/10/03 03:35:43.784, 16013, 0, 3007, 228.80, 4
2026/10/03 03:35:43.835, 16025, 0, 3007, 228.80, 4
2026/10/03 03:35:43.885, 16033, 0, 3007, 228.80, 4
2026/10/03 03:35:43.935, 16043, 74, 3022, 162.25, 4
2026/10/03 03:35:43.985, 16055, 74, 3022, 162.25, 4
2026/10/03 03:35:44.035, 16065, 74, 3022, 162.25, 4
2026/10/03 03:35:44.085, 16075, 74, 3022, 162.25, 4
2026/10/03 03:35:44.135, 16079, 74, 3022, 162.25, 4
2026/10/03 03:35:44.186, 16079, 74, 3022, 162.25, 4
2026/10/03 03:35:44.236, 16081, 74, 3022, 162.25, 4
2026/10/03 03:35:44.286, 16085, 74, 3022, 162.25, 4
2026/10/03 03:35:44.336, 16087, 74, 3022, 162.25, 4
2026/10/03 03:35:44.386, 16095, 74, 3022, 162.25, 4
2026/10/03 03:35:44.436, 16095, 74, 3022, 155.15, 4
2026/10/03 03:35:44.487, 16095, 74, 3022, 155.15, 4
2026/10/03 03:35:44.537, 16095, 74, 3022, 155.15, 4
2026/10/03 03:35:44.587, 16095, 74, 3022, 155.15, 4
2026/10/03 03:35:44.638, 16095, 74, 3022, 155.15, 4
2026/10/03 03:35:44.688, 16095, 74, 3022, 155.15, 4
2026/10/03 03:35:44.739, 16095, 74, 3022, 155.15, 4
2026/10/03 03:35:44.789, 16095, 74, 3022, 155.15, 4
2026/10/03 03:35:44.839, 16097, 74, 3022, 155.15, 4
2026/10/03 03:35:44.890, 16101, 74, 3022, 155.15, 4
2026/10/03 03:35:44.940, 16103, 20, 3030, 131.49, 4
2026/10/03 03:35:44.990, 16107, 20, 3030, 131.49, 4
2026/10/03 03:35:45.040, 16111, 20, 3030, 131.49, 4
2026/10/03 03:35:45.090, 16115, 20, 3030, 131.49, 4
2026/10/03 03:35:45.140, 16117, 20, 3030, 131.49, 4
2026/10/03 03:35:45.190, 16117, 20, 3030, 131.49, 4
2026/10/03 03:35:45.241, 16117, 20, 3030, 131.49, 4
2026/10/03 03:35:45.291, 16117, 20, 3030, 131.49, 4
2026/10/03 03:35:45.341, 16117, 20, 3030, 131.49, 4
2026/10/03 03:35:45.391, 16119, 20, 3030, 131.49, 4
2026/10/03 03:35:45.441, 16121, 20, 3015, 311.32, 4
2026/10/03 03:35:45.491, 16123, 20, 3015, 311.32, 4
2026/10/03 03:35:45.541, 16123, 20, 3015, 311.32, 4
2026/10/03 03:35:45.592, 16127, 20, 3015, 311.32, 4
2026/10/03 03:35:45.642, 16127, 20, 3015, 311.32, 4
2026/10/03 03:35:45.692, 16129, 20, 3015, 311.32, 4
2026/10/03 03:35:45.742, 16129, 20, 3015, 311.32, 4
2026/10/03 03:35:45.792, 16129, 20, 3015, 311.32, 4
2026/10/03 03:35:45.842, 16129, 20, 3015, 311.32, 4
2026/10/03 03:35:45.892, 16129, 20, 3015, 311.32, 4
2026/10/03 03:35:45.943, 16129, 80, 3015, 332.49, 4
2026/10/03 03:35:45.993, 16129, 80, 3015, 332.49, 4
2026/10/03 03:35:46.043, 16129, 80, 3015, 332.49, 4
2026/10/03 03:35:46.093, 16129, 80, 3015, 332.49, 4
2026/10/03 03:35:46.143, 16129, 80, 3015, 332.49, 4
2026/10/03 03:35:46.193, 16129, 80, 3015, 332.49, 4
2026/10/03 03:35:46.243, 16129, 80, 3015, 332.49, 4
2026/10/03 03:35:46.294, 16129, 80, 3015, 332.49, 4
2026/10/03 03:35:46.344, 16129, 80, 3015, 332.49, 4
2026/10/03 03:35:46.394, 16129, 80, 3015, 332.49, 4
2026/10/03 03:35:46.444, 16129, 80, 3015, 299.08, 4
2026/10/03 03:35:46.494, 16129, 80, 3015, 299.08, 4
2026/10/03 03:35:46.544, 16129, 80, 3015, 299.08, 4
2026/10/03 03:35:46.595, 16129, 80, 3015, 299.08, 4
2026/10/03 03:35:46.645, 16129, 80, 3015, 299.08, 4
2026/10/03 03:35:46.695, 16129, 80, 3015, 299.08, 4
2026/10/03 03:35:46.745, 16129, 80, 3015, 299.08, 4
2026/10/03 03:35:46.795, 16129, 80, 3015, 299.08, 4
2026/10/03 03:35:46.845, 16129, 80, 3015, 299.08, 4
2026/10/03 03:35:46.895, 16129, 80, 3015, 263.39, 4
2026/10/03 03:35:46.946, 16129, 69, 3015, 263.39, 4
2026/10/03 03:35:46.996, 16129, 69, 3015, 263.39, 4
2026/10/03 03:35:47.046, 16129, 69, 3015, 263.39, 4
2026/10/03 03:35:47.096, 16129, 69, 3015, 263.39, 4
2026/10/03 03:35:47.146, 16129, 69, 3015, 263.39, 4
2026/10/03 03:35:47.196, 16129, 69, 3015, 263.39, 4
2026/10/03 03:35:47.246, 16129, 69, 3015, 263.39, 4
2026/10/03 03:35:47.297, 16129, 69, 3015, 263.39, 4
2026/10/03 03:35:47.347, 16129, 69, 3015, 263.39, 4
2026/10/03 03:35:47.397, 16129, 69, 3015, 345.46, 4
2026/10/03 03:35:47.447, 16129, 69, 3015, 345.46, 4
2026/10/03 03:35:47.497, 16129, 69, 3015, 345.46, 4
2026/10/03 03:35:47.547, 16129, 69, 3015, 345.46, 4
2026/10/03 03:35:47.597, 16129, 69, 3015, 345.46, 4
2026/10/03 03:35:47.648, 16129, 69, 3015, 345.46, 4
2026/10/03 03:35:47.698, 16129, 69, 3015, 345.46, 4
2026/10/03 03:35:47.748, 16129, 69, 3015, 345.46, 4
2026/10/03 03:35:47.798, 16129, 69, 3015, 345.46, 4
2026/10/03 03:35:47.848, 16129, 69, 3015, 345.46, 4
2026/10/03 03:35:47.898, 16129, 59, 3015, 217.06, 4
2026/10/03 03:35:47.948, 16129, 59, 3015, 217.06, 4
2026/10/03 03:35:47.999, 16129, 59, 3015, 217.06, 4
2026/10/03 03:35:48.049, 16129, 59, 3015, 217.06, 4
2026/10/03 03:35:48.099, 16129, 59, 3015, 217.06, 4
2026/10/03 03:35:48.149, 16129, 59, 3015, 217.06, 4
2026/10/03 03:35:48.199, 16129, 59, 3015, 217.06, 4
2026/10/03 03:35:48.249, 16129, 59, 3015, 217.06, 4
2026/10/03 03:35:48.300, 16129, 59, 3015, 217.06, 4
2026/10/03 03:35:48.350, 16129, 59, 3015, 217.06, 4
2026/10/03 03:35:48.400, 16129, 59, 3015, 346.11, 4
2026/10/03 03:35:48.450, 16129, 59, 3015, 346.11, 4
2026/10/03 03:35:48.500, 16129, 59, 3015, 346.11, 4
2026/10/03 03:35:48.550, 16129, 59, 3015, 346.11, 4
2026/10/03 03:35:48.600, 16129, 59, 3015, 346.11, 4
2026/10/03 03:35:48.651, 16129, 59, 3015, 346.11, 4
2026/10/03 03:35:48.701, 16129, 59, 3015, 346.11, 4
2026/10/03 03:35:48.751, 16129, 59, 3015, 346.11, 4
2026/10/03 03:35:48.801, 16129, 59, 3015, 346.11, 4
2026/10/03 03:35:48.851, 16129, 59, 3015, 346.11, 4
2026/10/03 03:35:48.901, 16129, 60, 3015, 213.63, 4
2026/10/03 03:35:48.951, 16129, 60, 3015, 213.63, 4
2026/10/03 03:35:49.002, 16129, 60, 3015, 213.63, 4
2026/10/03 03:35:49.052, 16129, 60, 3015, 213.63, 4
2026/10/03 03:35:49.102, 16129, 60, 3015, 213.63, 4
2026/10/03 03:35:49.152, 16129, 60, 3015, 213.63, 4
2026/10/03 03:35:49.202, 16129, 60, 3015, 213.63, 4
2026/10/03 03:35:49.252, 16129, 60, 3015, 213.63, 4
2026/10/03 03:35:49.302, 16129, 60, 3015, 213.63, 4
2026/10/03 03:35:49.353, 16129, 60, 3015, 213.63, 4
2026/10/03 03:35:49.403, 16129, 60, 3015, 345.21, 4
2026/10/03 03:35:49.453, 16129, 60, 3015, 345.21, 4
2026/10/03 03:35:49.503, 16129, 60, 3015, 345.21, 4
2026/10/03 03:35:49.553, 16129, 60, 3015, 345.21, 4
2026/10/03 03:35:49.603, 16129, 60, 3015, 345.21, 4
2026/10/03 03:35:49.653, 16129, 60, 3015, 345.21, 4
2026/10/03 03:35:49.704, 16129, 60, 3015, 345.21, 4
2026/10/03 03:35:49.754, 16129, 60, 3015, 345.21, 4
2026/10/03 03:35:49.804, 16129, 60, 3015, 345.21, 4
2026/10/03 03:35:49.854, 16129, 60, 3015, 345.21, 4
2026/10/03 03:35:49.904, 16129, 59, 3015, 207.38, 4
2026/10/03 03:35:49.954, 16129, 59, 3015, 207.38, 4
2026/10/03 03:35:50.004, 16129, 59, 3015, 207.38, 4
2026/10/03 03:35:50.055, 16129, 59, 3015, 207.38, 4
2026/10/03 03:35:50.105, 16129, 59, 3015, 207.38, 4
2026/10/03 03:35:50.155, 16129, 59, 3015, 207.38, 4
2026/10/03 03:35:50.205, 16129, 59, 3015, 207.38, 4
2026/10/03 03:35:50.255, 16129, 59, 3015, 207.38, 4
2026/10/03 03:35:50.305, 16129, 59, 3015, 207.38, 4
2026/10/03 03:35:50.355, 16129, 59, 3015, 207.38, 4
2026/10/03 03:35:50.406, 16129, 59, 3015, 346.79, 4
2026/10/03 03:35:50.456, 16129, 59, 3015, 346.79, 4
2026/10/03 03:35:50.506, 16129, 59, 3015, 346.79, 4
2026/10/03 03:35:50.556, 16129, 59, 3015, 346.79, 4
2026/10/03 03:35:50.606, 16129, 59, 3015, 346.79, 4
2026/10/03 03:35:50.656, 16129, 59, 3015, 346.79, 4
2026/10/03 03:35:50.707, 16129, 59, 3015, 346.79, 4
2026/10/03 03:35:50.757, 16129, 59, 3015, 346.79, 4
2026/10/03 03:35:50.807, 16129, 59, 3015, 346.79, 4
2026/10/03 03:35:50.857, 16129, 59, 3015, 346.79, 4
2026/10/03 03:35:50.908, 16129, 0, 3015, 102.29, 4
2026/10/03 03:35:50.958, 16129, 0, 3015, 102.29, 4
2026/10/03 03:35:51.008, 16129, 0, 3015, 102.29, 4
2026/10/03 03:35:51.059, 16129, 0, 3015, 102.29, 4
2026/10/03 03:35:51.109, 16129, 0, 3015, 102.29, 4
2026/10/03 03:35:51.159, 16129, 0, 3015, 102.29, 4
2026/10/03 03:35:51.210, 16129, 0, 3015, 102.29, 4
2026/10/03 03:35:51.260, 16129, 0, 3015, 102.29, 4
2026/10/03 03:35:51.310, 16129, 0, 3015, 102.29, 4
2026/10/03 03:35:51.361, 16129, 0, 3015, 102.29, 4
2026/10/03 03:35:51.411, 16129, 0, 3022, 102.14, 4
2026/10/03 03:35:51.461, 16129, 0, 3022, 102.14, 4
2026/10/03 03:35:51.512, 16129, 0, 3022, 102.14, 4
2026/10/03 03:35:51.562, 16129, 0, 3022, 102.14, 4
2026/10/03 03:35:51.613, 16129, 0, 3022, 102.14, 4
2026/10/03 03:35:51.663, 16129, 0, 3022, 102.14, 4
2026/10/03 03:35:51.713, 16129, 0, 3022, 102.14, 4
2026/10/03 03:35:51.764, 16129, 0, 3022, 102.14, 4
2026/10/03 03:35:51.814, 16129, 0, 3022, 102.14, 4
2026/10/03 03:35:51.864, 16129, 0, 3022, 102.14, 4
2026/10/03 03:35:51.914, 16129, 0, 3022, 100.34, 4
2026/10/03 03:35:51.964, 16129, 0, 3022, 100.34, 4
2026/10/03 03:35:52.015, 0, 0, 3022, 100.34, 4
