epoch,mem_available_kb,mem_free_kb,cgroup_usage_bytes,cgroup_limit_bytes
1791122855,61170956,6493024,50726678528,62403903488
1791122857,60500720,5820900,51415855104,62403903488
1791122859,58508492,3827716,53458305024,62403903488
1791122861,58389532,3702948,53590007808,62403903488
1791122863,58248716,3562168,53737517056,62403903488
1791122865,58119524,3432976,53871882240,62403903488
1791122867,55902420,2665524,56126959616,62403903488
1791122869,55757796,2757600,56262889472,62403903488
1791122871,57312916,4305740,54635315200,62403903488
