2026/10/03 11:22:20.877, 1, 0, 2475, 66.77, 5
2026/10/03 11:22:20.929, 1, 0, 2475, 66.77, 5
2026/10/03 11:22:20.979, 1, 0, 2475, 66.77, 5
2026/10/03 11:22:21.029, 1, 0, 2475, 66.77, 5
2026/10/03 11:22:21.079, 1, 0, 2475, 66.77, 5
2026/10/03 11:22:21.130, 1, 0, 2475, 66.77, 5
2026/10/03 11:22:21.180, 1, 0, 2475, 66.77, 5
2026/10/03 11:22:21.230, 1, 0, 2475, 66.77, 5
2026/10/03 11:22:21.280, 1, 0, 2475, 66.77, 5
2026/10/03 11:22:21.330, 1, 0, 2475, 66.77, 5
2026/10/03 11:22:21.380, 1, 0, 2475, 66.77, 5
2026/10/03 11:22:21.430, 1, 0, 2475, 66.77, 5
2026/10/03 11:22:21.480, 1, 0, 2475, 66.77, 5
2026/10/03 11:22:21.530, 1, 0, 2475, 66.77, 5
2026/10/03 11:22:21.581, 1, 0, 2475, 66.77, 5
2026/10/03 11:22:21.631, 1, 0, 2475, 66.77, 5
2026/10/03 11:22:21.681, 1, 0, 2475, 66.77, 5
2026/10/03 11:22:21.731, 1, 0, 2475, 66.77, 5
2026/10/03 11:22:21.782, 1, 0, 2475, 66.77, 5
2026/10/03 11:22:21.832, 1, 0, 2475, 66.77, 5
2026/10/03 11:22:21.882, 1, 0, 952, 55.80, 5
2026/10/03 11:22:21.932, 1, 0, 952, 55.80, 5
2026/10/03 11:22:21.982, 1, 0, 952, 55.80, 5
2026/10/03 11:22:22.032, 1, 0, 952, 55.80, 5
2026/10/03 11:22:22.082, 1, 0, 952, 55.80, 5
2026/10/03 11:22:22.133, 1, 0, 952, 55.80, 5
2026/10/03 11:22:22.183, 1, 0, 952, 55.80, 5
2026/10/03 11:22:22.233, 1, 0, 952, 55.80, 5
2026/10/03 11:22:22.283, 1, 0, 952, 55.80, 5
2026/10/03 11:22:22.333, 1, 0, 952, 55.80, 5
2026/10/03 11:22:22.383, 1, 0, 952, 55.80, 5
2026/10/03 11:22:22.433, 1, 0, 952, 55.80, 5
2026/10/03 11:22:22.484, 1, 0, 952, 55.80, 5
2026/10/03 11:22:22.534, 1, 0, 952, 55.80, 5
2026/10/03 11:22:22.584, 1, 0, 952, 55.80, 5
2026/10/03 11:22:22.634, 1, 0, 952, 55.80, 5
2026/10/03 11:22:22.684, 1, 0, 952, 55.80, 5
2026/10/03 11:22:22.734, 1, 0, 952, 55.80, 5
2026/10/03 11:22:22.784, 1, 0, 952, 55.80, 5
2026/10/03 11:22:22.835, 1, 0, 952, 55.80, 5
2026/10/03 11:22:22.885, 1, 0, 532, 41.12, 5
2026/10/03 11:22:22.935, 1, 0, 532, 41.12, 5
2026/10/03 11:22:22.985, 1, 0, 532, 41.12, 5
2026/10/03 11:22:23.035, 1, 0, 532, 41.12, 5
2026/10/03 11:22:23.085, 1, 0, 532, 41.12, 5
2026/10/03 11:22:23.135, 1, 0, 532, 41.12, 5
2026/10/03 11:22:23.185, 1, 0, 532, 41.12, 5
2026/10/03 11:22:23.235, 1, 0, 532, 41.12, 5
2026/10/03 11:22:23.286, 1, 0, 532, 41.12, 5
2026/10/03 11:22:23.336, 1, 0, 532, 41.12, 5
2026/10/03 11:22:23.386, 1, 0, 532, 41.12, 5
2026/10/03 11:22:23.436, 1, 0, 532, 41.12, 5
2026/10/03 11:22:23.486, 1, 0, 532, 41.12, 5
2026/10/03 11:22:23.536, 1, 0, 532, 41.12, 5
2026/10/03 11:22:23.587, 1, 0, 532, 41.12, 5
2026/10/03 11:22:23.637, 1, 0, 532, 41.12, 5
2026/10/03 11:22:23.687, 1, 0, 532, 41.12, 5
2026/10/03 11:22:23.737, 1, 0, 532, 41.12, 5
2026/10/03 11:22:23.787, 1, 0, 532, 41.12, 5
2026/10/03 11:22:23.837, 1, 0, 532, 41.12, 5
2026/10/03 11:22:23.887, 1, 0, 330, 40.49, 5
2026/10/03 11:22:23.938, 1, 0, 330, 40.49, 5
2026/10/03 11:22:23.988, 1, 0, 330, 40.49, 5
2026/10/03 11:22:24.038, 1, 0, 330, 40.49, 5
2026/10/03 11:22:24.088, 1, 0, 330, 40.49, 5
2026/10/03 11:22:24.138, 1, 0, 330, 40.49, 5
2026/10/03 11:22:24.188, 1, 0, 330, 40.49, 5
2026/10/03 11:22:24.238, 1, 0, 330, 40.49, 5
2026/10/03 11:22:24.289, 1, 0, 330, 40.49, 5
2026/10/03 11:22:24.339, 1, 0, 330, 40.49, 5
2026/10/03 11:22:24.389, 1, 0, 330, 40.49, 5
2026/10/03 11:22:24.439, 1, 0, 330, 40.49, 5
2026/10/03 11:22:24.489, 1, 0, 330, 40.49, 5
2026/10/03 11:22:24.539, 1, 0, 330, 40.49, 5
2026/10/03 11:22:24.589, 1, 0, 330, 40.49, 5
2026/10/03 11:22:24.640, 1, 0, 330, 40.49, 5
2026/10/03 11:22:24.690, 1, 0, 330, 40.49, 5
2026/10/03 11:22:24.740, 1, 0, 330, 40.49, 5
2026/10/03 11:22:24.791, 1, 0, 330, 40.49, 5
2026/10/03 11:22:24.841, 1, 0, 330, 40.49, 5
2026/10/03 11:22:24.891, 1, 0, 202, 40.29, 5
2026/10/03 11:22:24.942, 1, 0, 202, 40.29, 5
2026/10/03 11:22:24.992, 1, 0, 202, 40.29, 5
2026/10/03 11:22:25.042, 1, 0, 202, 40.29, 5
2026/10/03 11:22:25.093, 1, 0, 202, 40.29, 5
2026/10/03 11:22:25.143, 1, 0, 202, 40.29, 5
2026/10/03 11:22:25.193, 1, 0, 202, 40.29, 5
2026/10/03 11:22:25.244, 1, 0, 202, 40.29, 5
2026/10/03 11:22:25.294, 1, 0, 202, 40.29, 5
2026/10/03 11:22:25.344, 1, 0, 202, 40.29, 5
2026/10/03 11:22:25.395, 1, 0, 202, 40.29, 2
2026/10/03 11:22:25.445, 1, 0, 202, 40.29, 2
2026/10/03 11:22:25.496, 1, 0, 202, 40.29, 2
2026/10/03 11:22:25.546, 1, 0, 202, 40.29, 2
2026/10/03 11:22:25.596, 1, 0, 202, 40.29, 2
2026/10/03 11:22:25.646, 1, 0, 202, 40.29, 2
2026/10/03 11:22:25.696, 1, 0, 202, 40.29, 2
2026/10/03 11:22:25.746, 1, 0, 202, 40.29, 2
2026/10/03 11:22:25.797, 1, 0, 202, 40.29, 2
2026/10/03 11:22:25.847, 1, 0, 202, 40.29, 2
2026/10/03 11:22:25.897, 1, 0, 195, 34.32, 2
2026/10/03 11:22:25.947, 1, 0, 195, 34.32, 2
2026/10/03 11:22:25.997, 1, 0, 195, 34.32, 2
2026/10/03 11:22:26.047, 1, 0, 195, 34.32, 2
2026/10/03 11:22:26.098, 1, 0, 195, 34.32, 2
2026/10/03 11:22:26.148, 1, 0, 195, 34.32, 2
2026/10/03 11:22:26.198, 1, 0, 195, 34.32, 2
2026/10/03 11:22:26.248, 1, 0, 195, 34.32, 2
2026/10/03 11:22:26.298, 1, 0, 195, 34.32, 2
2026/10/03 11:22:26.348, 1, 0, 195, 34.32, 2
2026/10/03 11:22:26.399, 1, 0, 195, 34.32, 2
2026/10/03 11:22:26.449, 1, 0, 195, 34.32, 2
2026/10/03 11:22:26.499, 1, 0, 195, 34.32, 2
2026/10/03 11:22:26.549, 1, 0, 195, 34.32, 2
2026/10/03 11:22:26.599, 1, 0, 195, 34.32, 2
2026/10/03 11:22:26.649, 1, 0, 195, 34.32, 2
2026/10/03 11:22:26.700, 1, 0, 195, 34.32, 2
2026/10/03 11:22:26.750, 1, 0, 195, 34.32, 2
2026/10/03 11:22:26.800, 1, 0, 195, 34.32, 2
2026/10/03 11:22:26.850, 1, 0, 195, 34.32, 2
2026/10/03 11:22:26.901, 1, 0, 195, 19.24, 2
2026/10/03 11:22:26.951, 1, 0, 195, 19.24, 2
2026/10/03 11:22:27.002, 1, 0, 195, 19.24, 2
2026/10/03 11:22:27.052, 1, 0, 195, 19.24, 2
2026/10/03 11:22:27.102, 1, 0, 195, 19.24, 2
2026/10/03 11:22:27.153, 1, 0, 195, 19.24, 2
2026/10/03 11:22:27.203, 1, 0, 195, 19.24, 2
2026/10/03 11:22:27.253, 1, 0, 195, 19.24, 2
2026/10/03 11:22:27.304, 1, 0, 195, 19.24, 2
2026/10/03 11:22:27.354, 1, 0, 195, 19.24, 2
2026/10/03 11:22:27.404, 1, 0, 195, 19.24, 1
2026/10/03 11:22:27.454, 1, 0, 195, 19.24, 1
2026/10/03 11:22:27.505, 1, 0, 195, 19.24, 1
2026/10/03 11:22:27.555, 1, 0, 195, 19.24, 1
2026/10/03 11:22:27.606, 1, 0, 195, 19.24, 1
2026/10/03 11:22:27.656, 1, 0, 195, 19.24, 1
2026/10/03 11:22:27.706, 1, 0, 195, 19.24, 1
2026/10/03 11:22:27.757, 1, 0, 195, 19.24, 1
2026/10/03 11:22:27.807, 1, 0, 195, 19.24, 1
2026/10/03 11:22:27.858, 1, 0, 195, 19.24, 1
2026/10/03 11:22:27.908, 1, 0, 195, 19.11, 1
2026/10/03 11:22:27.958, 1, 0, 195, 19.11, 1
2026/10/03 11:22:28.009, 1, 0, 195, 19.11, 1
2026/10/03 11:22:28.059, 1, 0, 195, 19.11, 1
2026/10/03 11:22:28.110, 1, 0, 195, 19.11, 1
2026/10/03 11:22:28.160, 1, 0, 195, 19.11, 1
2026/10/03 11:22:28.210, 1, 0, 195, 19.11, 1
2026/10/03 11:22:28.261, 1, 0, 195, 19.11, 1
2026/10/03 11:22:28.311, 1, 0, 195, 19.11, 1
2026/10/03 11:22:28.361, 1, 0, 195, 19.11, 1
2026/10/03 11:22:28.411, 1, 0, 195, 19.11, 1
2026/10/03 11:22:28.461, 1, 0, 195, 19.11, 1
2026/10/03 11:22:28.511, 1, 0, 195, 19.11, 1
2026/10/03 11:22:28.561, 1, 0, 195, 19.11, 1
2026/10/03 11:22:28.612, 1, 0, 195, 19.11, 1
2026/10/03 11:22:28.662, 1, 0, 195, 19.11, 1
2026/10/03 11:22:28.712, 1, 0, 195, 19.11, 1
2026/10/03 11:22:28.762, 1, 0, 195, 19.11, 1
2026/10/03 11:22:28.812, 1, 0, 195, 19.11, 1
2026/10/03 11:22:28.862, 1, 0, 195, 19.11, 1
2026/10/03 11:22:28.912, 1, 0, 195, 18.78, 1
2026/10/03 11:22:28.962, 1, 0, 195, 18.78, 1
2026/10/03 11:22:29.013, 1, 0, 195, 18.78, 1
2026/10/03 11:22:29.063, 1, 0, 195, 18.78, 1
2026/10/03 11:22:29.113, 1, 0, 195, 18.78, 1
2026/10/03 11:22:29.163, 1, 0, 195, 18.78, 1
2026/10/03 11:22:29.213, 1, 0, 195, 18.78, 1
2026/10/03 11:22:29.263, 1, 0, 195, 18.78, 1
2026/10/03 11:22:29.313, 1, 0, 195, 18.78, 1
2026/10/03 11:22:29.363, 1, 0, 195, 18.78, 1
2026/10/03 11:22:29.414, 1, 0, 195, 18.78, 1
2026/10/03 11:22:29.464, 1, 0, 195, 18.78, 1
2026/10/03 11:22:29.514, 1, 0, 195, 18.78, 1
2026/10/03 11:22:29.564, 1, 0, 195, 18.78, 1
2026/10/03 11:22:29.614, 1, 0, 195, 18.78, 1
2026/10/03 11:22:29.664, 1, 0, 195, 18.78, 1
2026/10/03 11:22:29.714, 1, 0, 195, 18.78, 1
2026/10/03 11:22:29.765, 1, 0, 195, 18.78, 1
2026/10/03 11:22:29.815, 1, 0, 195, 18.78, 1
2026/10/03 11:22:29.865, 1, 0, 195, 18.78, 1
2026/10/03 11:22:29.916, 1, 0, 195, 18.67, 1
2026/10/03 11:22:29.966, 1, 0, 195, 18.67, 1
2026/10/03 11:22:30.016, 1, 0, 195, 18.67, 1
2026/10/03 11:22:30.066, 1, 0, 195, 18.67, 1
2026/10/03 11:22:30.117, 1, 0, 195, 18.67, 1
2026/10/03 11:22:30.167, 1, 0, 195, 18.67, 1
2026/10/03 11:22:30.218, 1, 0, 195, 18.67, 1
2026/10/03 11:22:30.268, 1, 0, 195, 18.67, 1
2026/10/03 11:22:30.318, 1, 0, 195, 18.67, 1
2026/10/03 11:22:30.368, 1, 0, 195, 18.67, 1
2026/10/03 11:22:30.418, 1, 0, 195, 18.67, 1
2026/10/03 11:22:30.468, 1, 0, 195, 18.67, 1
2026/10/03 11:22:30.519, 1, 0, 195, 18.67, 1
2026/10/03 11:22:30.569, 1, 0, 195, 18.67, 1
2026/10/03 11:22:30.619, 1, 0, 195, 18.67, 1
2026/10/03 11:22:30.669, 1, 0, 195, 18.67, 1
2026/10/03 11:22:30.720, 1, 0, 195, 18.67, 1
2026/10/03 11:22:30.770, 1, 0, 195, 18.67, 1
2026/10/03 11:22:30.820, 1, 0, 195, 18.67, 1
2026/10/03 11:22:30.871, 1, 0, 195, 18.84, 1
2026/10/03 11:22:30.921, 1, 0, 195, 18.84, 1
2026/10/03 11:22:30.971, 1, 0, 195, 18.84, 1
2026/10/03 11:22:31.021, 1, 0, 195, 18.84, 1
2026/10/03 11:22:31.071, 1, 0, 195, 18.84, 1
2026/10/03 11:22:31.122, 1, 0, 195, 18.84, 1
2026/10/03 11:22:31.172, 1, 0, 195, 18.84, 1
2026/10/03 11:22:31.222, 1, 0, 195, 18.84, 1
2026/10/03 11:22:31.272, 1, 0, 195, 18.84, 1
2026/10/03 11:22:31.322, 1, 0, 195, 18.84, 1
2026/10/03 11:22:31.372, 1, 0, 195, 18.84, 1
2026/10/03 11:22:31.422, 1, 0, 195, 18.84, 1
2026/10/03 11:22:31.472, 1, 0, 195, 18.84, 1
2026/10/03 11:22:31.523, 1, 0, 195, 18.84, 1
2026/10/03 11:22:31.573, 1, 0, 195, 18.84, 1
2026/10/03 11:22:31.623, 1, 0, 195, 18.84, 1
2026/10/03 11:22:31.673, 1, 0, 195, 18.84, 1
2026/10/03 11:22:31.723, 1, 0, 195, 18.84, 1
2026/10/03 11:22:31.773, 1, 0, 195, 18.84, 1
2026/10/03 11:22:31.823, 1, 0, 195, 18.84, 1
2026/10/03 11:22:31.873, 1, 0, 195, 19.30, 1
2026/10/03 11:22:31.924, 1, 0, 195, 19.30, 1
2026/10/03 11:22:31.974, 1, 0, 195, 19.30, 1
2026/10/03 11:22:32.024, 1, 0, 195, 19.30, 1
2026/10/03 11:22:32.074, 1, 0, 195, 19.30, 1
2026/10/03 11:22:32.124, 2, 0, 195, 19.30, 1
2026/10/03 11:22:32.201, 4, 0, 195, 19.30, 1
2026/10/03 11:22:32.252, 4, 0, 195, 19.30, 1
2026/10/03 11:22:32.302, 4, 0, 195, 19.30, 1
2026/10/03 11:22:32.352, 4, 0, 195, 19.30, 1
2026/10/03 11:22:32.402, 4, 0, 195, 21.11, 1
2026/10/03 11:22:32.452, 4, 0, 195, 21.11, 1
2026/10/03 11:22:32.502, 21, 0, 195, 21.11, 1
2026/10/03 11:22:32.562, 36, 0, 195, 21.11, 1
2026/10/03 11:22:32.612, 662, 0, 195, 21.11, 1
2026/10/03 11:22:32.662, 662, 0, 195, 21.11, 1
2026/10/03 11:22:32.712, 662, 0, 195, 21.11, 1
2026/10/03 11:22:32.763, 662, 0, 195, 21.11, 1
2026/10/03 11:22:32.813, 662, 0, 195, 21.11, 1
2026/10/03 11:22:32.863, 1282, 0, 195, 21.11, 1
2026/10/03 11:22:32.913, 1644, 0, 2490, 67.56, 5
2026/10/03 11:22:32.963, 2572, 0, 2490, 67.56, 5
2026/10/03 11:22:33.013, 3498, 0, 2490, 67.56, 5
2026/10/03 11:22:33.063, 4426, 0, 2490, 67.56, 5
2026/10/03 11:22:33.113, 5354, 0, 2490, 67.56, 5
2026/10/03 11:22:33.163, 6282, 0, 2490, 67.56, 5
2026/10/03 11:22:33.214, 7228, 0, 2490, 67.56, 5
2026/10/03 11:22:33.264, 8136, 0, 2490, 67.56, 5
2026/10/03 11:22:33.314, 9084, 0, 2490, 67.56, 5
2026/10/03 11:22:33.364, 10010, 0, 2490, 67.56, 5
2026/10/03 11:22:33.414, 10938, 0, 2565, 72.36, 5
2026/10/03 11:22:33.464, 11864, 0, 2565, 72.36, 5
2026/10/03 11:22:33.514, 12532, 0, 2565, 72.36, 5
2026/10/03 11:22:33.564, 13420, 0, 2565, 72.36, 5
2026/10/03 11:22:33.614, 14346, 0, 2565, 72.36, 5
2026/10/03 11:22:33.664, 15274, 0, 2565, 72.36, 5
2026/10/03 11:22:33.714, 16200, 0, 2565, 72.36, 5
2026/10/03 11:22:33.765, 16200, 0, 2565, 72.36, 5
2026/10/03 11:22:33.815, 16200, 0, 2565, 72.36, 5
2026/10/03 11:22:33.865, 16200, 0, 2565, 72.36, 5
2026/10/03 11:22:33.915, 16200, 0, 2520, 66.11, 5
2026/10/03 11:22:33.965, 16200, 0, 2520, 66.11, 5
2026/10/03 11:22:34.015, 16800, 0, 2520, 66.11, 5
2026/10/03 11:22:34.065, 16800, 0, 2520, 66.11, 5
2026/10/03 11:22:34.116, 16800, 0, 2520, 66.11, 5
2026/10/03 11:22:34.166, 16800, 0, 2520, 66.11, 5
2026/10/03 11:22:34.216, 16800, 0, 2520, 66.11, 5
2026/10/03 11:22:34.266, 16800, 0, 2520, 66.11, 5
2026/10/03 11:22:34.316, 16800, 0, 2520, 66.11, 5
2026/10/03 11:22:34.367, 16800, 0, 2520, 66.11, 5
2026/10/03 11:22:34.417, 16800, 0, 2475, 66.23, 5
2026/10/03 11:22:34.468, 16800, 0, 2475, 66.23, 5
2026/10/03 11:22:34.518, 16800, 0, 2475, 66.23, 5
2026/10/03 11:22:34.568, 16800, 0, 2475, 66.23, 5
2026/10/03 11:22:34.618, 16800, 0, 2475, 66.23, 5
2026/10/03 11:22:34.669, 16800, 0, 2475, 66.23, 5
2026/10/03 11:22:34.719, 16800, 0, 2475, 66.23, 5
2026/10/03 11:22:34.769, 16802, 0, 2475, 66.23, 5
2026/10/03 11:22:34.819, 16802, 0, 2475, 66.23, 5
2026/10/03 11:22:34.869, 16802, 8, 2617, 95.95, 5
2026/10/03 11:22:34.920, 16802, 8, 2617, 95.95, 5
2026/10/03 11:22:34.970, 16802, 8, 2617, 95.95, 5
2026/10/03 11:22:35.020, 16802, 8, 2617, 95.95, 5
2026/10/03 11:22:35.070, 16802, 8, 2617, 95.95, 5
2026/10/03 11:22:35.120, 16802, 8, 2617, 95.95, 5
2026/10/03 11:22:35.170, 16802, 8, 2617, 95.95, 5
2026/10/03 11:22:35.220, 16802, 8, 2617, 95.95, 5
2026/10/03 11:22:35.270, 16802, 8, 2617, 95.95, 5
2026/10/03 11:22:35.320, 16802, 8, 2617, 95.95, 5
2026/10/03 11:22:35.371, 16802, 8, 2917, 96.07, 5
2026/10/03 11:22:35.421, 16802, 8, 2917, 96.07, 5
2026/10/03 11:22:35.471, 16802, 8, 2917, 96.07, 5
2026/10/03 11:22:35.521, 16802, 8, 2917, 96.07, 5
2026/10/03 11:22:35.571, 16802, 8, 2917, 96.07, 5
2026/10/03 11:22:35.621, 16802, 8, 2917, 96.07, 5
2026/10/03 11:22:35.671, 16802, 8, 2917, 96.07, 5
2026/10/03 11:22:35.721, 16802, 8, 2917, 96.07, 5
2026/10/03 11:22:35.771, 16802, 8, 2917, 96.07, 5
2026/10/03 11:22:35.821, 16802, 8, 2917, 96.07, 5
2026/10/03 11:22:35.872, 16802, 8, 2917, 95.95, 5
2026/10/03 11:22:35.922, 16802, 8, 2917, 95.95, 5
2026/10/03 11:22:35.972, 16802, 8, 2917, 95.95, 5
2026/10/03 11:22:36.022, 16802, 8, 2917, 95.95, 5
2026/10/03 11:22:36.072, 16802, 8, 2917, 95.95, 5
2026/10/03 11:22:36.122, 16802, 8, 2917, 95.95, 5
2026/10/03 11:22:36.172, 16802, 8, 2917, 95.95, 5
2026/10/03 11:22:36.222, 16802, 8, 2917, 95.95, 5
2026/10/03 11:22:36.272, 16802, 8, 2917, 95.95, 5
2026/10/03 11:22:36.322, 16802, 8, 2917, 95.95, 5
2026/10/03 11:22:36.372, 16802, 8, 2917, 96.26, 5
2026/10/03 11:22:36.423, 16802, 8, 2917, 96.26, 5
2026/10/03 11:22:36.473, 16802, 8, 2917, 96.26, 5
2026/10/03 11:22:36.523, 16802, 8, 2917, 96.26, 5
2026/10/03 11:22:36.573, 16802, 8, 2917, 96.26, 5
2026/10/03 11:22:36.623, 16802, 8, 2917, 96.26, 5
2026/10/03 11:22:36.673, 16802, 8, 2917, 96.26, 5
2026/10/03 11:22:36.723, 16802, 8, 2917, 96.26, 5
2026/10/03 11:22:36.773, 16802, 8, 2917, 96.26, 5
2026/10/03 11:22:36.823, 16802, 8, 2917, 96.26, 5
2026/10/03 11:22:36.874, 16802, 8, 2917, 96.72, 5
2026/10/03 11:22:36.924, 16802, 8, 2917, 96.72, 5
2026/10/03 11:22:36.974, 16802, 8, 2917, 96.72, 5
2026/10/03 11:22:37.024, 16802, 8, 2917, 96.72, 5
2026/10/03 11:22:37.074, 16802, 8, 2917, 96.72, 5
2026/10/03 11:22:37.124, 16802, 8, 2917, 96.72, 5
2026/10/03 11:22:37.174, 16802, 8, 2917, 96.72, 5
2026/10/03 11:22:37.224, 16802, 8, 2917, 96.72, 5
2026/10/03 11:22:37.274, 16802, 8, 2917, 96.72, 5
2026/10/03 11:22:37.324, 16802, 8, 2917, 96.72, 5
2026/10/03 11:22:37.375, 16802, 8, 2917, 95.65, 5
2026/10/03 11:22:37.425, 16802, 8, 2917, 95.65, 5
2026/10/03 11:22:37.475, 16802, 8, 2917, 95.65, 5
2026/10/03 11:22:37.525, 16802, 8, 2917, 95.65, 5
2026/10/03 11:22:37.575, 16802, 8, 2917, 95.65, 5
2026/10/03 11:22:37.625, 16802, 8, 2917, 95.65, 5
2026/10/03 11:22:37.675, 16802, 8, 2917, 95.65, 5
2026/10/03 11:22:37.725, 16802, 8, 2917, 95.65, 5
2026/10/03 11:22:37.775, 16802, 8, 2917, 95.65, 5
2026/10/03 11:22:37.825, 16802, 8, 2917, 95.65, 5
2026/10/03 11:22:37.876, 16802, 8, 2917, 96.16, 5
2026/10/03 11:22:37.926, 16802, 8, 2917, 96.16, 5
2026/10/03 11:22:37.976, 16802, 8, 2917, 96.16, 5
2026/10/03 11:22:38.026, 16802, 8, 2917, 96.16, 5
2026/10/03 11:22:38.076, 16802, 8, 2917, 96.16, 5
2026/10/03 11:22:38.126, 16802, 8, 2917, 96.16, 5
2026/10/03 11:22:38.176, 16802, 8, 2917, 96.16, 5
2026/10/03 11:22:38.226, 16802, 8, 2917, 96.16, 5
2026/10/03 11:22:38.276, 16802, 8, 2917, 96.16, 5
2026/10/03 11:22:38.326, 16802, 8, 2917, 96.16, 5
2026/10/03 11:22:38.377, 16802, 8, 2917, 95.93, 5
2026/10/03 11:22:38.427, 16802, 8, 2917, 95.93, 5
2026/10/03 11:22:38.477, 16802, 8, 2917, 95.93, 5
2026/10/03 11:22:38.527, 16802, 8, 2917, 95.93, 5
2026/10/03 11:22:38.577, 16802, 8, 2917, 95.93, 5
2026/10/03 11:22:38.627, 16802, 8, 2917, 95.93, 5
2026/10/03 11:22:38.677, 16802, 8, 2917, 95.93, 5
2026/10/03 11:22:38.727, 16802, 8, 2917, 95.93, 5
2026/10/03 11:22:38.777, 16802, 8, 2917, 95.93, 5
2026/10/03 11:22:38.827, 16802, 8, 2917, 95.93, 5
2026/10/03 11:22:38.878, 16802, 8, 2917, 96.50, 5
2026/10/03 11:22:38.928, 16802, 8, 2917, 96.50, 5
2026/10/03 11:22:38.978, 16802, 8, 2917, 96.50, 5
2026/10/03 11:22:39.028, 16802, 8, 2917, 96.50, 5
2026/10/03 11:22:39.078, 16802, 8, 2917, 96.50, 5
2026/10/03 11:22:39.128, 16802, 8, 2917, 96.50, 5
2026/10/03 11:22:39.178, 16802, 8, 2917, 96.50, 5
2026/10/03 11:22:39.228, 16802, 8, 2917, 96.50, 5
2026/10/03 11:22:39.278, 16802, 8, 2917, 96.50, 5
2026/10/03 11:22:39.328, 16802, 8, 2917, 96.50, 5
2026/10/03 11:22:39.379, 16802, 8, 2917, 96.07, 5
2026/10/03 11:22:39.429, 16802, 8, 2917, 96.07, 5
2026/10/03 11:22:39.479, 16802, 8, 2917, 96.07, 5
2026/10/03 11:22:39.529, 16802, 8, 2917, 96.07, 5
2026/10/03 11:22:39.579, 16802, 8, 2917, 96.07, 5
2026/10/03 11:22:39.629, 16802, 8, 2917, 96.07, 5
2026/10/03 11:22:39.679, 16802, 8, 2917, 96.07, 5
2026/10/03 11:22:39.729, 16802, 8, 2917, 96.07, 5
2026/10/03 11:22:39.779, 16802, 8, 2917, 96.07, 5
2026/10/03 11:22:39.830, 16802, 8, 2917, 96.07, 5
2026/10/03 11:22:39.880, 16802, 8, 2917, 96.38, 5
2026/10/03 11:22:39.930, 16802, 8, 2917, 96.38, 5
2026/10/03 11:22:39.980, 16802, 8, 2917, 96.38, 5
2026/10/03 11:22:40.030, 16802, 8, 2917, 96.38, 5
2026/10/03 11:22:40.080, 16802, 8, 2917, 96.38, 5
2026/10/03 11:22:40.130, 16802, 8, 2917, 96.38, 5
2026/10/03 11:22:40.180, 16802, 8, 2917, 96.38, 5
2026/10/03 11:22:40.231, 16802, 8, 2917, 96.38, 5
2026/10/03 11:22:40.281, 16802, 8, 2917, 96.38, 5
2026/10/03 11:22:40.331, 16802, 8, 2917, 96.38, 5
2026/10/03 11:22:40.381, 16802, 8, 2917, 96.43, 5
2026/10/03 11:22:40.431, 16802, 8, 2917, 96.43, 5
2026/10/03 11:22:40.481, 16802, 8, 2917, 96.43, 5
2026/10/03 11:22:40.531, 16802, 8, 2917, 96.43, 5
2026/10/03 11:22:40.581, 16802, 8, 2917, 96.43, 5
2026/10/03 11:22:40.632, 16802, 8, 2917, 96.43, 5
2026/10/03 11:22:40.682, 16802, 8, 2917, 96.43, 5
2026/10/03 11:22:40.732, 16802, 8, 2917, 96.43, 5
2026/10/03 11:22:40.782, 16802, 8, 2917, 96.43, 5
2026/10/03 11:22:40.832, 16802, 8, 2917, 96.43, 5
2026/10/03 11:22:40.882, 16802, 8, 2917, 96.50, 5
2026/10/03 11:22:40.932, 16802, 8, 2917, 96.50, 5
2026/10/03 11:22:40.982, 16802, 8, 2917, 96.50, 5
2026/10/03 11:22:41.033, 16802, 8, 2917, 96.50, 5
2026/10/03 11:22:41.083, 16802, 8, 2917, 96.50, 5
2026/10/03 11:22:41.133, 16802, 8, 2917, 96.50, 5
2026/10/03 11:22:41.183, 16802, 8, 2917, 96.50, 5
2026/10/03 11:22:41.233, 16802, 8, 2917, 96.50, 5
2026/10/03 11:22:41.283, 16802, 8, 2917, 96.50, 5
2026/10/03 11:22:41.333, 16802, 8, 2917, 96.50, 5
2026/10/03 11:22:41.384, 16802, 8, 2677, 66.14, 5
2026/10/03 11:22:41.434, 16802, 8, 2677, 66.14, 5
2026/10/03 11:22:41.484, 16802, 8, 2677, 66.14, 5
2026/10/03 11:22:41.534, 16802, 8, 2677, 66.14, 5
2026/10/03 11:22:41.584, 16802, 8, 2677, 66.14, 5
2026/10/03 11:22:41.635, 17102, 8, 2677, 66.14, 5
2026/10/03 11:22:41.685, 17402, 8, 2677, 66.14, 5
2026/10/03 11:22:41.735, 17722, 8, 2677, 66.14, 5
2026/10/03 11:22:41.785, 18022, 8, 2677, 66.14, 5
2026/10/03 11:22:41.835, 18342, 8, 2677, 66.14, 5
2026/10/03 11:22:41.885, 18642, 13, 2887, 105.88, 5
2026/10/03 11:22:41.935, 18942, 13, 2887, 105.88, 5
2026/10/03 11:22:41.986, 19242, 13, 2887, 105.88, 5
2026/10/03 11:22:42.036, 19542, 13, 2887, 105.88, 5
2026/10/03 11:22:42.086, 19562, 13, 2887, 105.88, 5
2026/10/03 11:22:42.136, 19862, 13, 2887, 105.88, 5
2026/10/03 11:22:42.186, 20182, 13, 2887, 105.88, 5
2026/10/03 11:22:42.236, 20482, 13, 2887, 105.88, 5
2026/10/03 11:22:42.286, 20802, 13, 2887, 105.88, 5
2026/10/03 11:22:42.337, 21102, 13, 2887, 105.88, 5
2026/10/03 11:22:42.387, 21402, 13, 2917, 105.74, 5
2026/10/03 11:22:42.437, 21722, 13, 2917, 105.74, 5
2026/10/03 11:22:42.487, 22022, 13, 2917, 105.74, 5
2026/10/03 11:22:42.537, 22322, 13, 2917, 105.74, 5
2026/10/03 11:22:42.587, 22642, 13, 2917, 105.74, 5
2026/10/03 11:22:42.637, 22942, 13, 2917, 105.74, 5
2026/10/03 11:22:42.687, 23242, 13, 2917, 105.74, 5
2026/10/03 11:22:42.738, 23562, 13, 2917, 105.74, 5
2026/10/03 11:22:42.788, 23562, 13, 2917, 105.74, 5
2026/10/03 11:22:42.838, 23862, 13, 2917, 105.74, 5
2026/10/03 11:22:42.888, 24182, 12, 2917, 105.93, 5
2026/10/03 11:22:42.938, 24482, 12, 2917, 105.93, 5
2026/10/03 11:22:42.988, 24782, 12, 2917, 105.93, 5
2026/10/03 11:22:43.038, 25102, 12, 2917, 105.93, 5
2026/10/03 11:22:43.088, 25402, 12, 2917, 105.93, 5
2026/10/03 11:22:43.139, 25722, 12, 2917, 105.93, 5
2026/10/03 11:22:43.189, 26022, 12, 2917, 105.93, 5
2026/10/03 11:22:43.239, 26322, 12, 2917, 105.93, 5
2026/10/03 11:22:43.289, 26642, 12, 2917, 105.93, 5
2026/10/03 11:22:43.339, 26942, 12, 2917, 105.93, 5
2026/10/03 11:22:43.389, 27242, 12, 2917, 106.19, 5
2026/10/03 11:22:43.439, 27562, 12, 2917, 106.19, 5
2026/10/03 11:22:43.489, 27762, 12, 2917, 106.19, 5
2026/10/03 11:22:43.540, 27862, 12, 2917, 106.19, 5
2026/10/03 11:22:43.590, 28182, 12, 2917, 106.19, 5
2026/10/03 11:22:43.640, 28482, 12, 2917, 106.19, 5
2026/10/03 11:22:43.690, 28782, 12, 2917, 106.19, 5
2026/10/03 11:22:43.740, 29102, 12, 2917, 106.19, 5
2026/10/03 11:22:43.790, 29402, 12, 2917, 106.19, 5
2026/10/03 11:22:43.840, 29702, 12, 2917, 106.19, 5
2026/10/03 11:22:43.890, 30022, 13, 2917, 106.50, 5
2026/10/03 11:22:43.941, 30322, 13, 2917, 106.50, 5
2026/10/03 11:22:43.991, 30642, 13, 2917, 106.50, 5
2026/10/03 11:22:44.041, 30942, 13, 2917, 106.50, 5
2026/10/03 11:22:44.091, 31242, 13, 2917, 106.50, 5
2026/10/03 11:22:44.141, 31542, 13, 2917, 106.50, 5
2026/10/03 11:22:44.191, 31562, 13, 2917, 106.50, 5
2026/10/03 11:22:44.241, 31562, 13, 2917, 106.50, 5
2026/10/03 11:22:44.291, 31562, 13, 2917, 106.50, 5
2026/10/03 11:22:44.342, 31562, 13, 2917, 106.50, 5
2026/10/03 11:22:44.392, 31562, 13, 2760, 74.16, 5
2026/10/03 11:22:44.442, 31562, 13, 2760, 74.16, 5
2026/10/03 11:22:44.492, 31562, 13, 2760, 74.16, 5
2026/10/03 11:22:44.542, 31562, 13, 2760, 74.16, 5
2026/10/03 11:22:44.592, 26702, 13, 2760, 74.16, 5
2026/10/03 11:22:44.643, 16802, 13, 2760, 74.16, 5
2026/10/03 11:22:44.693, 16802, 13, 2760, 74.16, 5
2026/10/03 11:22:44.743, 16802, 13, 2760, 74.16, 5
2026/10/03 11:22:44.793, 16802, 13, 2760, 74.16, 5
2026/10/03 11:22:44.843, 16802, 13, 2760, 74.16, 5
2026/10/03 11:22:44.893, 16802, 0, 2475, 67.05, 5
2026/10/03 11:22:44.944, 16802, 0, 2475, 67.05, 5
2026/10/03 11:22:44.994, 16802, 0, 2475, 67.05, 5
2026/10/03 11:22:45.044, 16802, 0, 2475, 67.05, 5
2026/10/03 11:22:45.094, 16802, 0, 2475, 67.05, 5
2026/10/03 11:22:45.144, 16802, 0, 2475, 67.05, 5
2026/10/03 11:22:45.194, 16802, 0, 2475, 67.05, 5
2026/10/03 11:22:45.245, 16802, 0, 2475, 67.05, 5
2026/10/03 11:22:45.295, 16802, 0, 2475, 67.05, 5
2026/10/03 11:22:45.345, 16802, 0, 2475, 67.05, 5
2026/10/03 11:22:45.395, 16802, 0, 2490, 66.94, 5
2026/10/03 11:22:45.445, 16802, 0, 2490, 66.94, 5
2026/10/03 11:22:45.495, 16802, 0, 2490, 66.94, 5
2026/10/03 11:22:45.546, 16802, 0, 2490, 66.94, 5
2026/10/03 11:22:45.596, 17092, 0, 2490, 66.94, 5
2026/10/03 11:22:45.646, 17094, 0, 2490, 66.94, 5
2026/10/03 11:22:45.696, 17814, 0, 2490, 66.94, 5
2026/10/03 11:22:45.746, 17814, 0, 2490, 66.94, 5
2026/10/03 11:22:45.796, 17814, 0, 2490, 66.94, 5
2026/10/03 11:22:45.846, 17814, 0, 2490, 66.94, 5
2026/10/03 11:22:45.897, 17814, 7, 2782, 146.25, 5
2026/10/03 11:22:45.947, 17814, 7, 2782, 146.25, 5
2026/10/03 11:22:45.997, 17814, 7, 2782, 146.25, 5
2026/10/03 11:22:46.047, 17814, 7, 2782, 146.25, 5
2026/10/03 11:22:46.097, 17814, 7, 2782, 146.25, 5
2026/10/03 11:22:46.147, 17814, 7, 2782, 146.25, 5
2026/10/03 11:22:46.197, 17814, 7, 2782, 146.25, 5
2026/10/03 11:22:46.248, 17814, 7, 2782, 146.25, 5
2026/10/03 11:22:46.298, 17814, 7, 2782, 146.25, 5
2026/10/03 11:22:46.348, 17394, 7, 2782, 146.25, 5
2026/10/03 11:22:46.398, 17394, 7, 2917, 94.29, 5
2026/10/03 11:22:46.448, 17394, 7, 2917, 94.29, 5
2026/10/03 11:22:46.498, 17394, 7, 2917, 94.29, 5
2026/10/03 11:22:46.548, 17394, 7, 2917, 94.29, 5
2026/10/03 11:22:46.598, 17434, 7, 2917, 94.29, 5
2026/10/03 11:22:46.649, 17434, 7, 2917, 94.29, 5
2026/10/03 11:22:46.699, 17434, 7, 2917, 94.29, 5
2026/10/03 11:22:46.749, 17434, 7, 2917, 94.29, 5
2026/10/03 11:22:46.799, 17434, 7, 2917, 94.29, 5
2026/10/03 11:22:46.849, 17456, 7, 2917, 94.29, 5
2026/10/03 11:22:46.899, 17502, 0, 2917, 92.94, 5
2026/10/03 11:22:46.949, 17510, 0, 2917, 92.94, 5
2026/10/03 11:22:47.000, 17530, 0, 2917, 92.94, 5
2026/10/03 11:22:47.050, 17518, 0, 2917, 92.94, 5
2026/10/03 11:22:47.100, 17528, 0, 2917, 92.94, 5
2026/10/03 11:22:47.150, 17536, 0, 2917, 92.94, 5
2026/10/03 11:22:47.200, 17542, 0, 2917, 92.94, 5
2026/10/03 11:22:47.250, 17546, 0, 2917, 92.94, 5
2026/10/03 11:22:47.300, 17546, 0, 2917, 92.94, 5
2026/10/03 11:22:47.350, 17548, 0, 2917, 92.94, 5
2026/10/03 11:22:47.401, 17550, 0, 2917, 99.87, 5
2026/10/03 11:22:47.451, 17550, 0, 2917, 99.87, 5
2026/10/03 11:22:47.501, 17550, 0, 2917, 99.87, 5
2026/10/03 11:22:47.551, 17550, 0, 2917, 99.87, 5
2026/10/03 11:22:47.601, 17550, 0, 2917, 99.87, 5
2026/10/03 11:22:47.651, 17550, 0, 2917, 99.87, 5
2026/10/03 11:22:47.701, 17550, 0, 2917, 99.87, 5
2026/10/03 11:22:47.752, 17550, 0, 2917, 99.87, 5
2026/10/03 11:22:47.802, 17550, 0, 2917, 99.87, 5
2026/10/03 11:22:47.852, 17550, 0, 2917, 99.87, 5
2026/10/03 11:22:47.902, 28986, 0, 2475, 66.65, 5
2026/10/03 11:22:47.952, 28986, 0, 2475, 66.65, 5
2026/10/03 11:22:48.003, 28986, 0, 2475, 66.65, 5
2026/10/03 11:22:48.053, 28986, 0, 2475, 66.65, 5
2026/10/03 11:22:48.103, 28986, 0, 2475, 66.65, 5
2026/10/03 11:22:48.153, 29366, 0, 2475, 66.65, 5
2026/10/03 11:22:48.203, 29366, 0, 2475, 66.65, 5
2026/10/03 11:22:48.253, 29366, 0, 2475, 66.65, 5
2026/10/03 11:22:48.303, 29366, 0, 2475, 66.65, 5
2026/10/03 11:22:48.353, 29366, 0, 2475, 66.65, 5
2026/10/03 11:22:48.404, 29366, 0, 2752, 109.18, 5
2026/10/03 11:22:48.454, 29366, 0, 2752, 109.18, 5
2026/10/03 11:22:48.504, 29366, 0, 2752, 109.18, 5
2026/10/03 11:22:48.554, 29366, 0, 2752, 109.18, 5
2026/10/03 11:22:48.604, 29366, 0, 2752, 109.18, 5
2026/10/03 11:22:48.654, 29366, 0, 2752, 109.18, 5
2026/10/03 11:22:48.704, 29048, 0, 2752, 109.18, 5
2026/10/03 11:22:48.754, 29050, 0, 2752, 109.18, 5
2026/10/03 11:22:48.804, 29050, 0, 2752, 109.18, 5
2026/10/03 11:22:48.855, 29050, 0, 2752, 109.18, 5
2026/10/03 11:22:48.905, 29050, 8, 2917, 103.07, 5
2026/10/03 11:22:48.955, 29050, 8, 2917, 103.07, 5
2026/10/03 11:22:49.005, 29070, 8, 2917, 103.07, 5
2026/10/03 11:22:49.055, 29050, 8, 2917, 103.07, 5
2026/10/03 11:22:49.105, 29052, 8, 2917, 103.07, 5
2026/10/03 11:22:49.155, 29056, 8, 2917, 103.07, 5
2026/10/03 11:22:49.206, 29058, 8, 2917, 103.07, 5
2026/10/03 11:22:49.256, 29058, 8, 2917, 103.07, 5
2026/10/03 11:22:49.306, 29058, 8, 2917, 103.07, 5
2026/10/03 11:22:49.356, 29058, 8, 2917, 103.07, 5
2026/10/03 11:22:49.406, 29058, 8, 2917, 93.13, 5
2026/10/03 11:22:49.456, 29058, 8, 2917, 93.13, 5
2026/10/03 11:22:49.506, 29058, 8, 2917, 93.13, 5
2026/10/03 11:22:49.556, 29058, 8, 2917, 93.13, 5
2026/10/03 11:22:49.607, 29058, 8, 2917, 93.13, 5
2026/10/03 11:22:49.657, 29058, 8, 2917, 93.13, 5
2026/10/03 11:22:49.707, 29058, 8, 2917, 93.13, 5
2026/10/03 11:22:49.757, 29058, 8, 2917, 93.13, 5
2026/10/03 11:22:49.807, 29058, 8, 2917, 93.13, 5
2026/10/03 11:22:49.857, 29058, 8, 2917, 93.13, 5
2026/10/03 11:22:49.907, 29058, 0, 2917, 93.32, 5
2026/10/03 11:22:49.957, 29058, 0, 2917, 93.32, 5
2026/10/03 11:22:50.007, 29058, 0, 2917, 93.32, 5
2026/10/03 11:22:50.058, 29058, 0, 2917, 93.32, 5
2026/10/03 11:22:50.108, 29058, 0, 2917, 93.32, 5
2026/10/03 11:22:50.158, 29058, 0, 2917, 93.32, 5
2026/10/03 11:22:50.208, 29058, 0, 2917, 93.32, 5
2026/10/03 11:22:50.258, 29058, 0, 2917, 93.32, 5
2026/10/03 11:22:50.309, 29058, 0, 2917, 93.32, 5
2026/10/03 11:22:50.359, 29058, 0, 2917, 93.32, 5
2026/10/03 11:22:50.410, 29058, 0, 2617, 67.31, 5
2026/10/03 11:22:50.460, 29058, 0, 2617, 67.31, 5
2026/10/03 11:22:50.510, 29058, 0, 2617, 67.31, 5
2026/10/03 11:22:50.561, 29058, 0, 2617, 67.31, 5
2026/10/03 11:22:50.611, 29058, 0, 2617, 67.31, 5
2026/10/03 11:22:50.661, 29058, 0, 2617, 67.31, 5
2026/10/03 11:22:50.711, 29058, 0, 2617, 67.31, 5
2026/10/03 11:22:50.761, 29058, 0, 2617, 67.31, 5
2026/10/03 11:22:50.812, 29058, 0, 2617, 67.31, 5
2026/10/03 11:22:50.862, 29058, 0, 2617, 67.31, 5
2026/10/03 11:22:50.912, 29058, 0, 2475, 66.57, 5
2026/10/03 11:22:50.962, 29058, 0, 2475, 66.57, 5
2026/10/03 11:22:51.012, 29058, 0, 2475, 66.57, 5
2026/10/03 11:22:51.062, 29058, 0, 2475, 66.57, 5
2026/10/03 11:22:51.112, 29058, 0, 2475, 66.57, 5
2026/10/03 11:22:51.163, 29058, 0, 2475, 66.57, 5
2026/10/03 11:22:51.213, 29058, 0, 2475, 66.57, 5
2026/10/03 11:22:51.263, 29058, 0, 2475, 66.57, 5
2026/10/03 11:22:51.314, 29058, 0, 2475, 66.57, 5
2026/10/03 11:22:51.364, 29058, 0, 2475, 66.57, 5
2026/10/03 11:22:51.414, 29058, 0, 2475, 66.69, 5
2026/10/03 11:22:51.465, 29058, 0, 2475, 66.69, 5
2026/10/03 11:22:51.515, 29058, 0, 2475, 66.69, 5
2026/10/03 11:22:51.565, 29058, 0, 2475, 66.69, 5
2026/10/03 11:22:51.616, 29058, 0, 2475, 66.69, 5
2026/10/03 11:22:51.666, 29058, 0, 2475, 66.69, 5
2026/10/03 11:22:51.716, 29058, 0, 2475, 66.69, 5
2026/10/03 11:22:51.766, 29058, 0, 2475, 66.69, 5
2026/10/03 11:22:51.816, 29058, 0, 2475, 66.69, 5
2026/10/03 11:22:51.867, 29138, 0, 2475, 66.69, 5
2026/10/03 11:22:51.917, 29418, 37, 2505, 210.26, 5
2026/10/03 11:22:51.967, 29418, 37, 2505, 210.26, 5
2026/10/03 11:22:52.017, 29418, 37, 2505, 210.26, 5
2026/10/03 11:22:52.068, 29418, 37, 2505, 210.26, 5
2026/10/03 11:22:52.118, 29418, 37, 2505, 210.26, 5
2026/10/03 11:22:52.169, 29418, 37, 2505, 210.26, 5
2026/10/03 11:22:52.219, 29418, 37, 2505, 210.26, 5
2026/10/03 11:22:52.269, 29418, 37, 2505, 210.26, 5
2026/10/03 11:22:52.319, 29418, 37, 2505, 210.26, 5
2026/10/03 11:22:52.369, 29418, 37, 2880, 402.00, 5
2026/10/03 11:22:52.420, 29458, 37, 2880, 402.00, 5
2026/10/03 11:22:52.470, 29458, 37, 2880, 402.00, 5
2026/10/03 11:22:52.520, 29458, 37, 2880, 402.00, 5
2026/10/03 11:22:52.571, 29458, 37, 2880, 402.00, 5
2026/10/03 11:22:52.621, 29458, 37, 2880, 402.00, 5
2026/10/03 11:22:52.671, 29458, 37, 2880, 402.00, 5
2026/10/03 11:22:52.722, 29458, 37, 2880, 402.00, 5
2026/10/03 11:22:52.772, 29458, 37, 2880, 402.00, 5
2026/10/03 11:22:52.822, 29458, 37, 2880, 402.00, 5
2026/10/03 11:22:52.872, 29458, 100, 2857, 404.19, 5
2026/10/03 11:22:52.922, 29458, 100, 2857, 404.19, 5
2026/10/03 11:22:52.973, 29458, 100, 2857, 404.19, 5
2026/10/03 11:22:53.023, 29458, 100, 2857, 404.19, 5
2026/10/03 11:22:53.073, 29458, 100, 2857, 404.19, 5
2026/10/03 11:22:53.123, 29458, 100, 2857, 404.19, 5
2026/10/03 11:22:53.174, 29458, 100, 2857, 404.19, 5
2026/10/03 11:22:53.224, 29458, 100, 2857, 404.19, 5
2026/10/03 11:22:53.274, 29458, 100, 2857, 404.19, 5
2026/10/03 11:22:53.324, 29458, 100, 2857, 404.19, 5
2026/10/03 11:22:53.374, 29458, 100, 2842, 409.65, 5
2026/10/03 11:22:53.424, 29458, 100, 2842, 409.65, 5
2026/10/03 11:22:53.474, 29458, 100, 2842, 409.65, 5
2026/10/03 11:22:53.525, 29458, 100, 2842, 409.65, 5
2026/10/03 11:22:53.575, 29458, 100, 2842, 409.65, 5
2026/10/03 11:22:53.625, 29458, 100, 2842, 409.65, 5
2026/10/03 11:22:53.675, 29458, 100, 2842, 409.65, 5
2026/10/03 11:22:53.725, 29458, 100, 2842, 409.65, 5
2026/10/03 11:22:53.775, 29458, 100, 2842, 409.65, 5
2026/10/03 11:22:53.825, 29458, 100, 2842, 409.65, 5
2026/10/03 11:22:53.876, 29458, 100, 2880, 409.53, 5
2026/10/03 11:22:53.926, 29458, 100, 2880, 409.53, 5
2026/10/03 11:22:53.976, 29458, 100, 2880, 409.53, 5
2026/10/03 11:22:54.026, 29458, 100, 2880, 409.53, 5
2026/10/03 11:22:54.076, 29458, 100, 2880, 409.53, 5
2026/10/03 11:22:54.127, 29458, 100, 2880, 409.53, 5
2026/10/03 11:22:54.177, 29458, 100, 2880, 409.53, 5
2026/10/03 11:22:54.227, 29458, 100, 2880, 409.53, 5
2026/10/03 11:22:54.277, 29458, 100, 2880, 409.53, 5
2026/10/03 11:22:54.327, 29458, 100, 2880, 409.53, 5
2026/10/03 11:22:54.378, 29458, 100, 2880, 412.30, 5
2026/10/03 11:22:54.428, 29458, 100, 2880, 412.30, 5
2026/10/03 11:22:54.478, 29458, 100, 2880, 412.30, 5
2026/10/03 11:22:54.528, 29458, 100, 2880, 412.30, 5
2026/10/03 11:22:54.578, 29458, 100, 2880, 412.30, 5
2026/10/03 11:22:54.629, 29458, 100, 2880, 412.30, 5
2026/10/03 11:22:54.679, 29458, 100, 2880, 412.30, 5
2026/10/03 11:22:54.729, 29458, 100, 2880, 412.30, 5
2026/10/03 11:22:54.780, 29458, 100, 2880, 412.30, 5
2026/10/03 11:22:54.830, 29458, 100, 2880, 412.30, 5
2026/10/03 11:22:54.880, 29458, 100, 2880, 409.91, 5
2026/10/03 11:22:54.930, 29458, 100, 2880, 409.91, 5
2026/10/03 11:22:54.981, 29458, 100, 2880, 409.91, 5
2026/10/03 11:22:55.031, 29458, 100, 2880, 409.91, 5
2026/10/03 11:22:55.081, 29458, 100, 2880, 409.91, 5
2026/10/03 11:22:55.132, 29458, 100, 2880, 409.91, 5
2026/10/03 11:22:55.182, 29458, 100, 2880, 409.91, 5
2026/10/03 11:22:55.232, 29458, 100, 2880, 409.91, 5
2026/10/03 11:22:55.282, 29458, 100, 2880, 409.91, 5
2026/10/03 11:22:55.332, 29458, 100, 2880, 409.91, 5
2026/10/03 11:22:55.383, 29458, 100, 2880, 410.61, 5
2026/10/03 11:22:55.433, 29458, 100, 2880, 410.61, 5
2026/10/03 11:22:55.483, 29458, 100, 2880, 410.61, 5
2026/10/03 11:22:55.533, 29458, 100, 2880, 410.61, 5
2026/10/03 11:22:55.583, 29458, 100, 2880, 410.61, 5
2026/10/03 11:22:55.634, 29458, 100, 2880, 410.61, 5
2026/10/03 11:22:55.684, 29458, 100, 2880, 410.61, 5
2026/10/03 11:22:55.734, 29458, 100, 2880, 410.61, 5
2026/10/03 11:22:55.784, 29458, 100, 2880, 410.61, 5
2026/10/03 11:22:55.835, 29458, 100, 2880, 410.61, 5
2026/10/03 11:22:55.885, 29458, 100, 2880, 415.59, 5
2026/10/03 11:22:55.935, 29458, 100, 2880, 415.59, 5
2026/10/03 11:22:55.985, 29458, 100, 2880, 415.59, 5
2026/10/03 11:22:56.035, 29458, 100, 2880, 415.59, 5
2026/10/03 11:22:56.086, 29458, 100, 2880, 415.59, 5
2026/10/03 11:22:56.136, 29458, 100, 2880, 415.59, 5
2026/10/03 11:22:56.186, 29458, 100, 2880, 415.59, 5
2026/10/03 11:22:56.237, 29458, 100, 2880, 415.59, 5
2026/10/03 11:22:56.287, 29458, 100, 2880, 415.59, 5
2026/10/03 11:22:56.337, 29458, 100, 2880, 415.59, 5
2026/10/03 11:22:56.387, 29458, 100, 2880, 418.18, 5
2026/10/03 11:22:56.438, 29458, 100, 2880, 418.18, 5
2026/10/03 11:22:56.488, 29458, 100, 2880, 418.18, 5
2026/10/03 11:22:56.538, 29458, 100, 2880, 418.18, 5
2026/10/03 11:22:56.589, 29458, 100, 2880, 418.18, 5
2026/10/03 11:22:56.639, 29458, 100, 2880, 418.18, 5
2026/10/03 11:22:56.689, 29458, 100, 2880, 418.18, 5
2026/10/03 11:22:56.739, 29458, 100, 2880, 418.18, 5
2026/10/03 11:22:56.790, 29458, 100, 2880, 418.18, 5
2026/10/03 11:22:56.840, 29458, 100, 2880, 418.18, 5
2026/10/03 11:22:56.890, 29458, 100, 2887, 418.09, 5
2026/10/03 11:22:56.941, 29458, 100, 2887, 418.09, 5
2026/10/03 11:22:56.991, 29458, 100, 2887, 418.09, 5
2026/10/03 11:22:57.041, 29458, 100, 2887, 418.09, 5
2026/10/03 11:22:57.091, 29458, 100, 2887, 418.09, 5
2026/10/03 11:22:57.142, 29458, 100, 2887, 418.09, 5
2026/10/03 11:22:57.192, 29458, 100, 2887, 418.09, 5
2026/10/03 11:22:57.242, 29458, 100, 2887, 418.09, 5
2026/10/03 11:22:57.292, 29458, 100, 2887, 418.09, 5
2026/10/03 11:22:57.342, 29458, 100, 2887, 418.09, 5
2026/10/03 11:22:57.393, 29458, 100, 2880, 419.33, 5
2026/10/03 11:22:57.443, 29458, 100, 2880, 419.33, 5
2026/10/03 11:22:57.493, 29458, 100, 2880, 419.33, 5
2026/10/03 11:22:57.543, 29458, 100, 2880, 419.33, 5
2026/10/03 11:22:57.594, 29458, 100, 2880, 419.33, 5
2026/10/03 11:22:57.644, 29458, 100, 2880, 419.33, 5
2026/10/03 11:22:57.694, 29458, 100, 2880, 419.33, 5
2026/10/03 11:22:57.744, 29458, 100, 2880, 419.33, 5
2026/10/03 11:22:57.794, 29458, 100, 2880, 419.33, 5
2026/10/03 11:22:57.845, 29458, 100, 2880, 419.33, 5
2026/10/03 11:22:57.895, 29458, 100, 2880, 412.97, 5
2026/10/03 11:22:57.945, 29458, 100, 2880, 412.97, 5
2026/10/03 11:22:57.995, 29458, 100, 2880, 412.97, 5
2026/10/03 11:22:58.046, 29458, 100, 2880, 412.97, 5
2026/10/03 11:22:58.096, 29458, 100, 2880, 412.97, 5
2026/10/03 11:22:58.146, 29458, 100, 2880, 412.97, 5
2026/10/03 11:22:58.196, 29458, 100, 2880, 412.97, 5
2026/10/03 11:22:58.246, 29458, 100, 2880, 412.97, 5
2026/10/03 11:22:58.297, 29458, 100, 2880, 412.97, 5
2026/10/03 11:22:58.347, 29458, 100, 2880, 412.97, 5
2026/10/03 11:22:58.397, 29458, 100, 2880, 413.45, 5
2026/10/03 11:22:58.448, 29458, 100, 2880, 413.45, 5
2026/10/03 11:22:58.498, 29458, 100, 2880, 413.45, 5
2026/10/03 11:22:58.548, 29458, 100, 2880, 413.45, 5
2026/10/03 11:22:58.599, 29458, 100, 2880, 413.45, 5
2026/10/03 11:22:58.649, 29458, 100, 2880, 413.45, 5
2026/10/03 11:22:58.699, 29458, 100, 2880, 413.45, 5
2026/10/03 11:22:58.749, 29458, 100, 2880, 413.45, 5
2026/10/03 11:22:58.800, 29458, 100, 2880, 413.45, 5
2026/10/03 11:22:58.850, 29458, 100, 2880, 413.45, 5
2026/10/03 11:22:58.900, 29458, 100, 2880, 414.94, 5
2026/10/03 11:22:58.951, 29458, 100, 2880, 414.94, 5
2026/10/03 11:22:59.001, 29458, 100, 2880, 414.94, 5
2026/10/03 11:22:59.051, 29458, 100, 2880, 414.94, 5
2026/10/03 11:22:59.101, 29458, 100, 2880, 414.94, 5
2026/10/03 11:22:59.151, 29458, 100, 2880, 414.94, 5
2026/10/03 11:22:59.201, 29458, 100, 2880, 414.94, 5
2026/10/03 11:22:59.252, 29458, 100, 2880, 414.94, 5
2026/10/03 11:22:59.302, 29458, 100, 2880, 414.94, 5
2026/10/03 11:22:59.352, 29458, 100, 2880, 414.94, 5
2026/10/03 11:22:59.402, 29458, 100, 2880, 417.70, 5
2026/10/03 11:22:59.453, 29458, 100, 2880, 417.70, 5
2026/10/03 11:22:59.503, 29458, 100, 2880, 417.70, 5
2026/10/03 11:22:59.553, 29458, 100, 2880, 417.70, 5
2026/10/03 11:22:59.603, 29458, 100, 2880, 417.70, 5
2026/10/03 11:22:59.653, 29458, 100, 2880, 417.70, 5
2026/10/03 11:22:59.704, 29458, 100, 2880, 417.70, 5
2026/10/03 11:22:59.754, 29458, 100, 2880, 417.70, 5
2026/10/03 11:22:59.804, 29458, 100, 2880, 417.70, 5
2026/10/03 11:22:59.855, 29458, 100, 2880, 417.70, 5
2026/10/03 11:22:59.905, 29458, 100, 2880, 417.30, 5
2026/10/03 11:22:59.955, 29458, 100, 2880, 417.30, 5
2026/10/03 11:23:00.005, 29458, 100, 2880, 417.30, 5
2026/10/03 11:23:00.056, 29458, 100, 2880, 417.30, 5
2026/10/03 11:23:00.106, 29458, 100, 2880, 417.30, 5
2026/10/03 11:23:00.156, 29458, 100, 2880, 417.30, 5
2026/10/03 11:23:00.206, 29458, 100, 2880, 417.30, 5
2026/10/03 11:23:00.256, 29458, 100, 2880, 417.30, 5
2026/10/03 11:23:00.307, 29458, 100, 2880, 417.30, 5
2026/10/03 11:23:00.357, 29458, 100, 2880, 417.30, 5
2026/10/03 11:23:00.407, 29458, 100, 2880, 420.74, 5
2026/10/03 11:23:00.457, 29458, 100, 2880, 420.74, 5
2026/10/03 11:23:00.507, 29458, 100, 2880, 420.74, 5
2026/10/03 11:23:00.558, 29458, 100, 2880, 420.74, 5
2026/10/03 11:23:00.608, 29458, 100, 2880, 420.74, 5
2026/10/03 11:23:00.658, 29458, 100, 2880, 420.74, 5
2026/10/03 11:23:00.708, 29458, 100, 2880, 420.74, 5
2026/10/03 11:23:00.758, 29458, 100, 2880, 420.74, 5
2026/10/03 11:23:00.809, 29458, 100, 2880, 420.74, 5
2026/10/03 11:23:00.859, 29458, 100, 2880, 420.74, 5
2026/10/03 11:23:00.909, 29458, 100, 2880, 422.84, 5
2026/10/03 11:23:00.959, 29458, 100, 2880, 422.84, 5
2026/10/03 11:23:01.009, 29458, 100, 2880, 422.84, 5
2026/10/03 11:23:01.060, 29458, 100, 2880, 422.84, 5
2026/10/03 11:23:01.110, 29458, 100, 2880, 422.84, 5
2026/10/03 11:23:01.160, 29458, 100, 2880, 422.84, 5
2026/10/03 11:23:01.210, 29458, 100, 2880, 422.84, 5
2026/10/03 11:23:01.260, 29458, 100, 2880, 422.84, 5
2026/10/03 11:23:01.311, 29458, 100, 2880, 422.84, 5
2026/10/03 11:23:01.361, 29458, 100, 2880, 422.84, 5
2026/10/03 11:23:01.411, 29458, 100, 2880, 423.76, 5
2026/10/03 11:23:01.461, 29458, 100, 2880, 423.76, 5
2026/10/03 11:23:01.512, 29458, 100, 2880, 423.76, 5
2026/10/03 11:23:01.562, 29458, 100, 2880, 423.76, 5
2026/10/03 11:23:01.612, 29458, 100, 2880, 423.76, 5
2026/10/03 11:23:01.663, 29458, 100, 2880, 423.76, 5
2026/10/03 11:23:01.713, 29458, 100, 2880, 423.76, 5
2026/10/03 11:23:01.763, 29458, 100, 2880, 423.76, 5
2026/10/03 11:23:01.814, 29458, 100, 2880, 423.76, 5
2026/10/03 11:23:01.864, 29458, 100, 2880, 423.76, 5
2026/10/03 11:23:01.914, 29458, 100, 2880, 423.78, 5
2026/10/03 11:23:01.965, 29458, 100, 2880, 423.78, 5
2026/10/03 11:23:02.015, 29458, 100, 2880, 423.78, 5
2026/10/03 11:23:02.065, 29458, 100, 2880, 423.78, 5
2026/10/03 11:23:02.115, 29458, 100, 2880, 423.78, 5
2026/10/03 11:23:02.165, 29458, 100, 2880, 423.78, 5
2026/10/03 11:23:02.216, 29458, 100, 2880, 423.78, 5
2026/10/03 11:23:02.266, 29458, 100, 2880, 423.78, 5
2026/10/03 11:23:02.316, 29458, 100, 2880, 423.78, 5
2026/10/03 11:23:02.366, 29458, 100, 2880, 423.78, 5
2026/10/03 11:23:02.417, 29458, 100, 2880, 423.63, 5
2026/10/03 11:23:02.467, 29458, 100, 2880, 423.63, 5
2026/10/03 11:23:02.517, 29458, 100, 2880, 423.63, 5
2026/10/03 11:23:02.567, 29458, 100, 2880, 423.63, 5
2026/10/03 11:23:02.617, 29458, 100, 2880, 423.63, 5
2026/10/03 11:23:02.668, 29458, 100, 2880, 423.63, 5
2026/10/03 11:23:02.718, 29458, 100, 2880, 423.63, 5
2026/10/03 11:23:02.768, 29458, 100, 2880, 423.63, 5
2026/10/03 11:23:02.818, 29458, 100, 2880, 423.63, 5
2026/10/03 11:23:02.869, 29458, 100, 2880, 423.63, 5
2026/10/03 11:23:02.919, 29458, 100, 2850, 410.16, 5
2026/10/03 11:23:02.969, 29458, 100, 2850, 410.16, 5
2026/10/03 11:23:03.019, 29458, 100, 2850, 410.16, 5
2026/10/03 11:23:03.070, 29458, 100, 2850, 410.16, 5
2026/10/03 11:23:03.120, 29458, 100, 2850, 410.16, 5
2026/10/03 11:23:03.170, 29458, 100, 2850, 410.16, 5
2026/10/03 11:23:03.220, 29458, 100, 2850, 410.16, 5
2026/10/03 11:23:03.271, 29458, 100, 2850, 410.16, 5
2026/10/03 11:23:03.321, 29458, 100, 2850, 410.16, 5
2026/10/03 11:23:03.371, 29458, 100, 2880, 409.76, 5
2026/10/03 11:23:03.421, 29458, 100, 2880, 409.76, 5
2026/10/03 11:23:03.471, 29458, 100, 2880, 409.76, 5
2026/10/03 11:23:03.522, 29458, 100, 2880, 409.76, 5
2026/10/03 11:23:03.572, 29458, 100, 2880, 409.76, 5
2026/10/03 11:23:03.622, 29458, 100, 2880, 409.76, 5
2026/10/03 11:23:03.672, 29458, 100, 2880, 409.76, 5
2026/10/03 11:23:03.723, 29458, 100, 2880, 409.76, 5
2026/10/03 11:23:03.773, 29458, 100, 2880, 409.76, 5
2026/10/03 11:23:03.823, 29458, 100, 2880, 409.76, 5
2026/10/03 11:23:03.873, 29458, 100, 2880, 410.47, 5
2026/10/03 11:23:03.923, 29458, 100, 2880, 410.47, 5
2026/10/03 11:23:03.974, 29458, 100, 2880, 410.47, 5
2026/10/03 11:23:04.024, 29458, 100, 2880, 410.47, 5
2026/10/03 11:23:04.074, 29458, 100, 2880, 410.47, 5
2026/10/03 11:23:04.124, 29458, 100, 2880, 410.47, 5
2026/10/03 11:23:04.174, 29458, 100, 2880, 410.47, 5
2026/10/03 11:23:04.225, 29458, 100, 2880, 410.47, 5
2026/10/03 11:23:04.275, 29458, 100, 2880, 410.47, 5
2026/10/03 11:23:04.325, 29458, 100, 2880, 410.47, 5
2026/10/03 11:23:04.375, 29458, 100, 2880, 410.68, 5
2026/10/03 11:23:04.426, 29458, 100, 2880, 410.68, 5
2026/10/03 11:23:04.476, 29458, 100, 2880, 410.68, 5
2026/10/03 11:23:04.526, 29458, 100, 2880, 410.68, 5
2026/10/03 11:23:04.576, 29458, 100, 2880, 410.68, 5
2026/10/03 11:23:04.626, 29458, 100, 2880, 410.68, 5
2026/10/03 11:23:04.677, 29458, 100, 2880, 410.68, 5
2026/10/03 11:23:04.727, 29458, 100, 2880, 410.68, 5
2026/10/03 11:23:04.777, 29458, 100, 2880, 410.68, 5
2026/10/03 11:23:04.827, 29458, 100, 2880, 410.68, 5
2026/10/03 11:23:04.878, 29458, 100, 2880, 413.75, 5
2026/10/03 11:23:04.928, 29458, 100, 2880, 413.75, 5
2026/10/03 11:23:04.978, 29458, 100, 2880, 413.75, 5
2026/10/03 11:23:05.028, 29458, 100, 2880, 413.75, 5
2026/10/03 11:23:05.079, 29458, 100, 2880, 413.75, 5
2026/10/03 11:23:05.129, 29458, 100, 2880, 413.75, 5
2026/10/03 11:23:05.179, 29458, 100, 2880, 413.75, 5
2026/10/03 11:23:05.230, 29458, 100, 2880, 413.75, 5
2026/10/03 11:23:05.280, 29458, 100, 2880, 413.75, 5
2026/10/03 11:23:05.330, 29458, 100, 2880, 413.75, 5
2026/10/03 11:23:05.380, 29458, 100, 2880, 415.81, 5
2026/10/03 11:23:05.430, 29458, 100, 2880, 415.81, 5
2026/10/03 11:23:05.481, 29458, 100, 2880, 415.81, 5
2026/10/03 11:23:05.531, 29458, 100, 2880, 415.81, 5
2026/10/03 11:23:05.581, 29458, 100, 2880, 415.81, 5
2026/10/03 11:23:05.631, 29458, 100, 2880, 415.81, 5
2026/10/03 11:23:05.681, 29458, 100, 2880, 415.81, 5
2026/10/03 11:23:05.732, 29458, 100, 2880, 415.81, 5
2026/10/03 11:23:05.782, 29458, 100, 2880, 415.81, 5
2026/10/03 11:23:05.832, 29458, 100, 2880, 415.81, 5
2026/10/03 11:23:05.882, 29458, 100, 2880, 417.23, 5
2026/10/03 11:23:05.932, 29458, 100, 2880, 417.23, 5
2026/10/03 11:23:05.983, 29458, 100, 2880, 417.23, 5
2026/10/03 11:23:06.033, 29458, 100, 2880, 417.23, 5
2026/10/03 11:23:06.083, 29458, 100, 2880, 417.23, 5
2026/10/03 11:23:06.133, 29458, 100, 2880, 417.23, 5
2026/10/03 11:23:06.184, 29458, 100, 2880, 417.23, 5
2026/10/03 11:23:06.234, 29458, 100, 2880, 417.23, 5
2026/10/03 11:23:06.284, 29458, 100, 2880, 417.23, 5
2026/10/03 11:23:06.334, 29458, 100, 2880, 417.23, 5
2026/10/03 11:23:06.385, 29458, 100, 2880, 420.85, 5
2026/10/03 11:23:06.435, 29458, 100, 2880, 420.85, 5
2026/10/03 11:23:06.485, 29458, 100, 2880, 420.85, 5
2026/10/03 11:23:06.535, 29458, 100, 2880, 420.85, 5
2026/10/03 11:23:06.585, 29458, 100, 2880, 420.85, 5
2026/10/03 11:23:06.636, 29458, 100, 2880, 420.85, 5
2026/10/03 11:23:06.686, 29458, 100, 2880, 420.85, 5
2026/10/03 11:23:06.736, 29458, 100, 2880, 420.85, 5
2026/10/03 11:23:06.786, 29458, 100, 2880, 420.85, 5
2026/10/03 11:23:06.837, 29458, 100, 2880, 420.85, 5
2026/10/03 11:23:06.887, 29458, 100, 2880, 421.81, 5
2026/10/03 11:23:06.937, 29458, 100, 2880, 421.81, 5
2026/10/03 11:23:06.988, 29458, 100, 2880, 421.81, 5
2026/10/03 11:23:07.038, 29458, 100, 2880, 421.81, 5
2026/10/03 11:23:07.088, 29458, 100, 2880, 421.81, 5
2026/10/03 11:23:07.139, 29458, 100, 2880, 421.81, 5
2026/10/03 11:23:07.189, 29458, 100, 2880, 421.81, 5
2026/10/03 11:23:07.239, 29458, 100, 2880, 421.81, 5
2026/10/03 11:23:07.289, 29458, 100, 2880, 421.81, 5
2026/10/03 11:23:07.339, 29458, 100, 2880, 421.81, 5
2026/10/03 11:23:07.390, 29458, 100, 2880, 415.49, 5
2026/10/03 11:23:07.440, 29458, 100, 2880, 415.49, 5
2026/10/03 11:23:07.490, 29458, 100, 2880, 415.49, 5
2026/10/03 11:23:07.540, 29458, 100, 2880, 415.49, 5
2026/10/03 11:23:07.590, 29458, 100, 2880, 415.49, 5
2026/10/03 11:23:07.641, 29458, 100, 2880, 415.49, 5
2026/10/03 11:23:07.691, 29458, 100, 2880, 415.49, 5
2026/10/03 11:23:07.741, 29458, 100, 2880, 415.49, 5
2026/10/03 11:23:07.791, 29458, 100, 2880, 415.49, 5
2026/10/03 11:23:07.842, 29458, 100, 2880, 415.49, 5
2026/10/03 11:23:07.892, 29458, 100, 2887, 416.36, 5
2026/10/03 11:23:07.942, 29458, 100, 2887, 416.36, 5
2026/10/03 11:23:07.993, 29458, 100, 2887, 416.36, 5
2026/10/03 11:23:08.043, 29458, 100, 2887, 416.36, 5
2026/10/03 11:23:08.093, 29458, 100, 2887, 416.36, 5
2026/10/03 11:23:08.143, 29458, 100, 2887, 416.36, 5
2026/10/03 11:23:08.194, 29458, 100, 2887, 416.36, 5
2026/10/03 11:23:08.244, 29458, 100, 2887, 416.36, 5
2026/10/03 11:23:08.294, 29458, 100, 2887, 416.36, 5
2026/10/03 11:23:08.344, 29458, 100, 2887, 416.36, 5
2026/10/03 11:23:08.395, 29458, 100, 2880, 418.36, 5
2026/10/03 11:23:08.445, 29458, 100, 2880, 418.36, 5
2026/10/03 11:23:08.495, 29458, 100, 2880, 418.36, 5
2026/10/03 11:23:08.545, 29458, 100, 2880, 418.36, 5
2026/10/03 11:23:08.595, 29458, 100, 2880, 418.36, 5
2026/10/03 11:23:08.646, 29458, 100, 2880, 418.36, 5
2026/10/03 11:23:08.696, 29458, 100, 2880, 418.36, 5
2026/10/03 11:23:08.746, 29458, 100, 2880, 418.36, 5
2026/10/03 11:23:08.796, 29458, 100, 2880, 418.36, 5
2026/10/03 11:23:08.847, 29458, 100, 2880, 418.36, 5
2026/10/03 11:23:08.897, 29458, 100, 2887, 417.82, 5
2026/10/03 11:23:08.947, 29458, 100, 2887, 417.82, 5
2026/10/03 11:23:08.997, 29458, 100, 2887, 417.82, 5
2026/10/03 11:23:09.047, 29458, 100, 2887, 417.82, 5
2026/10/03 11:23:09.098, 29458, 100, 2887, 417.82, 5
2026/10/03 11:23:09.148, 29458, 100, 2887, 417.82, 5
2026/10/03 11:23:09.198, 29458, 100, 2887, 417.82, 5
2026/10/03 11:23:09.248, 29458, 100, 2887, 417.82, 5
2026/10/03 11:23:09.299, 29458, 100, 2887, 417.82, 5
2026/10/03 11:23:09.349, 29458, 100, 2887, 417.82, 5
2026/10/03 11:23:09.399, 29458, 100, 2887, 418.96, 5
2026/10/03 11:23:09.449, 29458, 100, 2887, 418.96, 5
2026/10/03 11:23:09.499, 29458, 100, 2887, 418.96, 5
2026/10/03 11:23:09.550, 29458, 100, 2887, 418.96, 5
2026/10/03 11:23:09.600, 29458, 100, 2887, 418.96, 5
2026/10/03 11:23:09.650, 29458, 100, 2887, 418.96, 5
2026/10/03 11:23:09.700, 29458, 100, 2887, 418.96, 5
2026/10/03 11:23:09.751, 29458, 100, 2887, 418.96, 5
2026/10/03 11:23:09.801, 29458, 100, 2887, 418.96, 5
2026/10/03 11:23:09.851, 29458, 100, 2887, 418.96, 5
2026/10/03 11:23:09.902, 29458, 100, 2880, 422.51, 5
2026/10/03 11:23:09.952, 29458, 100, 2880, 422.51, 5
2026/10/03 11:23:10.002, 29458, 100, 2880, 422.51, 5
2026/10/03 11:23:10.052, 29458, 100, 2880, 422.51, 5
2026/10/03 11:23:10.103, 29458, 100, 2880, 422.51, 5
2026/10/03 11:23:10.153, 29458, 100, 2880, 422.51, 5
2026/10/03 11:23:10.203, 29458, 100, 2880, 422.51, 5
2026/10/03 11:23:10.253, 29458, 100, 2880, 422.51, 5
2026/10/03 11:23:10.303, 29458, 100, 2880, 422.51, 5
2026/10/03 11:23:10.354, 29458, 100, 2880, 422.51, 5
2026/10/03 11:23:10.404, 29458, 100, 2880, 421.84, 5
2026/10/03 11:23:10.454, 29458, 100, 2880, 421.84, 5
2026/10/03 11:23:10.505, 29458, 100, 2880, 421.84, 5
2026/10/03 11:23:10.555, 29458, 100, 2880, 421.84, 5
2026/10/03 11:23:10.606, 29458, 100, 2880, 421.84, 5
2026/10/03 11:23:10.656, 29458, 100, 2880, 421.84, 5
2026/10/03 11:23:10.706, 29458, 100, 2880, 421.84, 5
2026/10/03 11:23:10.756, 29458, 100, 2880, 421.84, 5
2026/10/03 11:23:10.806, 29458, 100, 2880, 421.84, 5
2026/10/03 11:23:10.857, 29458, 100, 2880, 421.84, 5
2026/10/03 11:23:10.907, 29458, 100, 2887, 424.56, 5
2026/10/03 11:23:10.957, 29458, 100, 2887, 424.56, 5
2026/10/03 11:23:11.007, 29458, 100, 2887, 424.56, 5
2026/10/03 11:23:11.057, 29458, 100, 2887, 424.56, 5
2026/10/03 11:23:11.108, 29458, 100, 2887, 424.56, 5
2026/10/03 11:23:11.158, 29458, 100, 2887, 424.56, 5
2026/10/03 11:23:11.208, 29458, 100, 2887, 424.56, 5
2026/10/03 11:23:11.258, 29458, 100, 2887, 424.56, 5
2026/10/03 11:23:11.309, 29458, 100, 2887, 424.56, 5
2026/10/03 11:23:11.359, 29458, 100, 2887, 424.56, 5
2026/10/03 11:23:11.409, 29458, 100, 2880, 426.29, 5
2026/10/03 11:23:11.459, 29458, 100, 2880, 426.29, 5
2026/10/03 11:23:11.510, 29458, 100, 2880, 426.29, 5
2026/10/03 11:23:11.560, 29458, 100, 2880, 426.29, 5
2026/10/03 11:23:11.610, 29458, 100, 2880, 426.29, 5
2026/10/03 11:23:11.661, 29458, 100, 2880, 426.29, 5
2026/10/03 11:23:11.711, 29458, 100, 2880, 426.29, 5
2026/10/03 11:23:11.761, 29458, 100, 2880, 426.29, 5
2026/10/03 11:23:11.811, 29458, 100, 2880, 426.29, 5
2026/10/03 11:23:11.862, 29458, 100, 2880, 426.29, 5
2026/10/03 11:23:11.912, 29458, 5, 2887, 141.37, 5
2026/10/03 11:23:11.962, 29458, 5, 2887, 141.37, 5
2026/10/03 11:23:12.012, 29458, 5, 2887, 141.37, 5
2026/10/03 11:23:12.063, 29458, 5, 2887, 141.37, 5
2026/10/03 11:23:12.113, 29458, 5, 2887, 141.37, 5
2026/10/03 11:23:12.163, 29458, 5, 2887, 141.37, 5
2026/10/03 11:23:12.214, 29458, 5, 2887, 141.37, 5
2026/10/03 11:23:12.264, 29458, 5, 2887, 141.37, 5
2026/10/03 11:23:12.314, 29458, 5, 2887, 141.37, 5
2026/10/03 11:23:12.364, 29458, 5, 2887, 141.37, 5
2026/10/03 11:23:12.414, 29458, 5, 2910, 98.34, 5
2026/10/03 11:23:12.465, 29458, 5, 2910, 98.34, 5
2026/10/03 11:23:12.515, 29458, 5, 2910, 98.34, 5
2026/10/03 11:23:12.565, 29458, 5, 2910, 98.34, 5
2026/10/03 11:23:12.615, 29458, 5, 2910, 98.34, 5
2026/10/03 11:23:12.665, 21858, 5, 2910, 98.34, 5
2026/10/03 11:23:12.715, 16356, 5, 2910, 98.34, 5
2026/10/03 11:23:12.765, 16356, 5, 2910, 98.34, 5
2026/10/03 11:23:12.815, 16356, 5, 2910, 98.34, 5
2026/10/03 11:23:12.866, 16356, 5, 2910, 98.34, 5
2026/10/03 11:23:12.916, 16356, 0, 2910, 98.62, 5
2026/10/03 11:23:12.966, 16356, 0, 2910, 98.62, 5
2026/10/03 11:23:13.016, 16356, 0, 2910, 98.62, 5
2026/10/03 11:23:13.066, 16356, 0, 2910, 98.62, 5
2026/10/03 11:23:13.116, 16356, 0, 2910, 98.62, 5
2026/10/03 11:23:13.166, 16356, 0, 2910, 98.62, 5
2026/10/03 11:23:13.216, 1, 0, 2910, 98.62, 5
2026/10/03 11:23:13.308, 1, 0, 2910, 98.62, 5
2026/10/03 11:23:13.359, 1, 0, 2910, 98.62, 5
2026/10/03 11:23:13.409, 1, 0, 2910, 105.94, 5
2026/10/03 11:23:13.459, 1, 0, 2910, 105.94, 5
2026/10/03 11:23:13.509, 1, 0, 2910, 105.94, 5
2026/10/03 11:23:13.559, 1, 0, 2910, 105.94, 5
2026/10/03 11:23:13.609, 1, 0, 2910, 105.94, 5
2026/10/03 11:23:13.659, 1, 0, 2910, 105.94, 5
2026/10/03 11:23:13.709, 1, 0, 2910, 105.94, 5
2026/10/03 11:23:13.760, 1, 0, 2910, 105.94, 5
2026/10/03 11:23:13.810, 1, 0, 2910, 105.94, 5
2026/10/03 11:23:13.860, 1, 0, 2910, 105.94, 5
2026/10/03 11:23:13.910, 1, 0, 2475, 69.54, 5
2026/10/03 11:23:13.960, 1, 0, 2475, 69.54, 5
2026/10/03 11:23:14.010, 1, 0, 2475, 69.54, 5
2026/10/03 11:23:14.060, 1, 0, 2475, 69.54, 5
2026/10/03 11:23:14.110, 1, 0, 2475, 69.54, 5
2026/10/03 11:23:14.161, 1, 0, 2475, 69.54, 5
2026/10/03 11:23:14.211, 1, 0, 2475, 69.54, 5
2026/10/03 11:23:14.261, 1, 0, 2475, 69.54, 5
2026/10/03 11:23:14.311, 1, 0, 2475, 69.54, 5
2026/10/03 11:23:14.361, 1, 0, 2475, 69.54, 5
2026/10/03 11:23:14.411, 1, 0, 2475, 69.26, 5
2026/10/03 11:23:14.461, 1, 0, 2475, 69.26, 5
