pod,timestamp,pcie.link.gen.current,pcie.link.width.current,clocks.sm,clocks.mem,power.draw,power.limit,temperature.gpu,utilization.gpu,utilization.memory,clocks_throttle_reasons.active,memory.used
l4c2838z20o6va,2026/07/30 20:21:30.521, 4, 8, 2520 MHz, 10251 MHz, 83.60 W, 450.00 W, 63, 31 %, 1 %, 0x0000000000000000, 3634 MiB
l4c2838z20o6va,2026/07/30 20:22:02.264, 4, 8, 2520 MHz, 10251 MHz, 79.57 W, 450.00 W, 62, 0 %, 0 %, 0x0000000000000000, 5706 MiB
l4c2838z20o6va,2026/07/30 20:22:33.473, 4, 8, 2610 MHz, 10251 MHz, 106.39 W, 450.00 W, 63, 77 %, 3 %, 0x0000000000000000, 6174 MiB
l4c2838z20o6va,2026/07/30 20:23:04.729, 4, 8, 2610 MHz, 10251 MHz, 107.26 W, 450.00 W, 64, 77 %, 3 %, 0x0000000000000000, 6174 MiB
l4c2838z20o6va,2026/07/30 20:23:36.063, 4, 8, 2610 MHz, 10251 MHz, 108.52 W, 450.00 W, 65, 77 %, 2 %, 0x0000000000000000, 6174 MiB
l4c2838z20o6va,2026/07/30 20:24:07.185, 4, 8, 2595 MHz, 10251 MHz, 135.11 W, 450.00 W, 67, 46 %, 4 %, 0x0000000000000000, 8188 MiB
l4c2838z20o6va,2026/07/30 20:24:38.849, 4, 8, 2595 MHz, 10251 MHz, 137.35 W, 450.00 W, 68, 34 %, 18 %, 0x0000000000000000, 8188 MiB
l4c2838z20o6va,2026/07/30 20:25:10.213, 4, 8, 2595 MHz, 10251 MHz, 127.63 W, 450.00 W, 66, 56 %, 18 %, 0x0000000000000000, 8188 MiB
l4c2838z20o6va,2026/07/30 20:25:41.484, 4, 8, 2595 MHz, 10251 MHz, 128.00 W, 450.00 W, 67, 32 %, 19 %, 0x0000000000000000, 8188 MiB
l4c2838z20o6va,2026/07/30 20:26:12.598, 4, 8, 2595 MHz, 10251 MHz, 125.15 W, 450.00 W, 67, 48 %, 10 %, 0x0000000000000000, 8188 MiB
l4c2838z20o6va,2026/07/30 20:26:43.803, 4, 8, 2595 MHz, 10251 MHz, 119.23 W, 450.00 W, 67, 60 %, 2 %, 0x0000000000000000, 8188 MiB
l4c2838z20o6va,2026/07/30 20:27:14.925, 4, 8, 2595 MHz, 10251 MHz, 120.50 W, 450.00 W, 67, 55 %, 2 %, 0x0000000000000000, 8188 MiB
l4c2838z20o6va,2026/07/30 20:27:46.088, 4, 8, 2595 MHz, 10251 MHz, 106.47 W, 450.00 W, 66, 0 %, 0 %, 0x0000000000000000, 8188 MiB
l4c2838z20o6va,2026/07/30 20:28:17.251, 4, 8, 2595 MHz, 10251 MHz, 113.62 W, 450.00 W, 68, 64 %, 2 %, 0x0000000000000000, 8188 MiB
l4c2838z20o6va,2026/07/30 20:28:48.468, 4, 8, 2595 MHz, 10251 MHz, 120.06 W, 450.00 W, 67, 24 %, 6 %, 0x0000000000000000, 8188 MiB
l4c2838z20o6va,2026/07/30 20:29:20.854, 4, 8, 2595 MHz, 10251 MHz, 134.59 W, 450.00 W, 68, 51 %, 10 %, 0x0000000000000000, 8188 MiB
l4c2838z20o6va,2026/07/30 20:29:52.677, 4, 8, 2595 MHz, 10251 MHz, 137.22 W, 450.00 W, 67, 57 %, 17 %, 0x0000000000000000, 8188 MiB
l4c2838z20o6va,2026/07/30 20:30:24.179, 4, 8, 2595 MHz, 10251 MHz, 136.25 W, 450.00 W, 67, 30 %, 5 %, 0x0000000000000000, 8188 MiB
l4c2838z20o6va,2026/07/30 20:30:55.444, 4, 8, 2595 MHz, 10251 MHz, 138.51 W, 450.00 W, 68, 49 %, 5 %, 0x0000000000000000, 8188 MiB
l4c2838z20o6va,2026/07/30 20:31:26.676, 4, 8, 2595 MHz, 10251 MHz, 134.94 W, 450.00 W, 67, 50 %, 10 %, 0x0000000000000000, 8188 MiB
l4c2838z20o6va,2026/07/30 20:31:57.985, 4, 8, 2595 MHz, 10251 MHz, 136.14 W, 450.00 W, 68, 54 %, 14 %, 0x0000000000000000, 8188 MiB
l4c2838z20o6va,2026/07/30 20:32:29.234, 4, 8, 2595 MHz, 10251 MHz, 135.24 W, 450.00 W, 67, 54 %, 14 %, 0x0000000000000000, 8188 MiB
l4c2838z20o6va,2026/07/30 20:33:00.439, 4, 8, 2595 MHz, 10251 MHz, 136.82 W, 450.00 W, 67, 54 %, 14 %, 0x0000000000000000, 8188 MiB
l4c2838z20o6va,2026/07/30 20:33:31.558, 4, 8, 2595 MHz, 10251 MHz, 136.63 W, 450.00 W, 67, 52 %, 12 %, 0x0000000000000000, 8188 MiB
l4c2838z20o6va,2026/07/30 20:34:02.701, 4, 8, 2595 MHz, 10251 MHz, 136.60 W, 450.00 W, 68, 56 %, 16 %, 0x0000000000000000, 8188 MiB
l4c2838z20o6va,2026/07/30 20:34:33.938, 4, 8, 2595 MHz, 10251 MHz, 135.09 W, 450.00 W, 68, 54 %, 14 %, 0x0000000000000000, 8188 MiB
l4c2838z20o6va,2026/07/30 20:35:05.123, 4, 8, 2595 MHz, 10251 MHz, 128.91 W, 450.00 W, 67, 57 %, 17 %, 0x0000000000000000, 8188 MiB
l4c2838z20o6va,2026/07/30 20:35:36.239, 4, 8, 2595 MHz, 10251 MHz, 135.45 W, 450.00 W, 68, 57 %, 17 %, 0x0000000000000000, 8188 MiB
l4c2838z20o6va,2026/07/30 20:36:07.330, 4, 8, 2595 MHz, 10251 MHz, 136.37 W, 450.00 W, 67, 48 %, 5 %, 0x0000000000000000, 8188 MiB
l4c2838z20o6va,2026/07/30 20:36:38.431, 4, 8, 2595 MHz, 10251 MHz, 134.54 W, 450.00 W, 69, 54 %, 17 %, 0x0000000000000000, 8188 MiB
l4c2838z20o6va,2026/07/30 20:37:10.558, 4, 8, 2595 MHz, 10251 MHz, 136.78 W, 450.00 W, 67, 28 %, 16 %, 0x0000000000000000, 8188 MiB
l4c2838z20o6va,2026/07/30 20:37:41.901, 4, 8, 2595 MHz, 10251 MHz, 125.61 W, 450.00 W, 67, 69 %, 2 %, 0x0000000000000000, 8188 MiB
l4c2838z20o6va,2026/07/30 20:38:13.579, 4, 8, 2595 MHz, 10251 MHz, 110.58 W, 450.00 W, 66, 71 %, 2 %, 0x0000000000000000, 8188 MiB
l4c2838z20o6va,2026/07/30 20:38:44.856, 4, 8, 2595 MHz, 10251 MHz, 107.50 W, 450.00 W, 66, 69 %, 2 %, 0x0000000000000000, 8188 MiB
l4c2838z20o6va,2026/07/30 20:39:16.030, 4, 8, 2595 MHz, 10251 MHz, 107.68 W, 450.00 W, 66, 31 %, 7 %, 0x0000000000000000, 8188 MiB
l4c2838z20o6va,2026/07/30 20:39:47.291, 4, 8, 2595 MHz, 10251 MHz, 120.49 W, 450.00 W, 67, 35 %, 7 %, 0x0000000000000000, 8188 MiB
l4c2838z20o6va,2026/07/30 20:40:18.485, 4, 8, 2595 MHz, 10251 MHz, 122.84 W, 450.00 W, 67, 43 %, 4 %, 0x0000000000000000, 8188 MiB
l4c2838z20o6va,2026/07/30 20:40:49.594, 4, 8, 2595 MHz, 10251 MHz, 111.92 W, 450.00 W, 67, 63 %, 2 %, 0x0000000000000000, 8190 MiB
l4c2838z20o6va,2026/07/30 20:41:20.748, 4, 8, 2595 MHz, 10251 MHz, 122.05 W, 450.00 W, 67, 32 %, 15 %, 0x0000000000000000, 8190 MiB
l4c2838z20o6va,2026/07/30 20:41:51.993, 4, 8, 2595 MHz, 10251 MHz, 120.07 W, 450.00 W, 67, 29 %, 16 %, 0x0000000000000000, 8190 MiB
l4c2838z20o6va,2026/07/30 20:42:23.087, 4, 8, 2595 MHz, 10251 MHz, 112.92 W, 450.00 W, 67, 47 %, 5 %, 0x0000000000000000, 8190 MiB
l4c2838z20o6va,2026/07/30 20:42:54.252, 4, 8, 2595 MHz, 10251 MHz, 126.86 W, 450.00 W, 67, 47 %, 6 %, 0x0000000000000000, 8190 MiB
l4c2838z20o6va,2026/07/30 20:43:25.422, 4, 8, 2595 MHz, 10251 MHz, 117.25 W, 450.00 W, 67, 64 %, 2 %, 0x0000000000000000, 8190 MiB
l4c2838z20o6va,2026/07/30 20:43:56.580, 4, 8, 2595 MHz, 10251 MHz, 126.87 W, 450.00 W, 67, 54 %, 15 %, 0x0000000000000000, 8190 MiB
l4c2838z20o6va,2026/07/30 20:44:27.686, 4, 8, 2595 MHz, 10251 MHz, 108.78 W, 450.00 W, 66, 81 %, 2 %, 0x0000000000000000, 8190 MiB
l4c2838z20o6va,2026/07/30 20:44:58.886, 4, 8, 2595 MHz, 10251 MHz, 107.87 W, 450.00 W, 65, 77 %, 3 %, 0x0000000000000000, 8190 MiB
l4c2838z20o6va,2026/07/30 20:45:30.020, 4, 8, 2520 MHz, 10251 MHz, 86.79 W, 450.00 W, 64, 0 %, 0 %, 0x0000000000000000, 8190 MiB
l4c2838z20o6va,2026/07/30 20:46:01.164, 1, 8, 210 MHz, 405 MHz, 31.58 W, 450.00 W, 60, 0 %, 0 %, 0x0000000000000001, 4 MiB
l4c2838z20o6va,2026/07/30 20:46:32.288, 4, 8, 2520 MHz, 10251 MHz, 81.29 W, 450.00 W, 62, 0 %, 0 %, 0x0000000000000000, 3378 MiB
l4c2838z20o6va,2026/07/30 20:47:03.600, 4, 8, 2520 MHz, 10251 MHz, 81.32 W, 450.00 W, 62, 0 %, 0 %, 0x0000000000000000, 3508 MiB
l4c2838z20o6va,2026/07/30 20:47:34.962, 4, 8, 2520 MHz, 10251 MHz, 78.87 W, 450.00 W, 62, 0 %, 0 %, 0x0000000000000000, 5706 MiB
l4c2838z20o6va,2026/07/30 20:48:06.088, 1, 8, 210 MHz, 405 MHz, 31.56 W, 450.00 W, 59, 0 %, 0 %, 0x0000000000000001, 5706 MiB
l4c2838z20o6va,2026/07/30 20:48:37.233, 4, 8, 2610 MHz, 10251 MHz, 105.44 W, 450.00 W, 64, 42 %, 1 %, 0x0000000000000000, 6154 MiB
l4c2838z20o6va,2026/07/30 20:49:08.361, 4, 8, 2610 MHz, 10251 MHz, 107.46 W, 450.00 W, 65, 42 %, 1 %, 0x0000000000000000, 6154 MiB
l4c2838z20o6va,2026/07/30 20:49:39.461, 4, 8, 2610 MHz, 10251 MHz, 106.53 W, 450.00 W, 65, 57 %, 1 %, 0x0000000000000000, 6154 MiB
l4c2838z20o6va,2026/07/30 20:50:10.564, 4, 8, 2610 MHz, 10251 MHz, 106.78 W, 450.00 W, 65, 47 %, 1 %, 0x0000000000000000, 6154 MiB
l4c2838z20o6va,2026/07/30 20:50:41.761, 4, 8, 2610 MHz, 10251 MHz, 100.66 W, 450.00 W, 65, 38 %, 1 %, 0x0000000000000000, 10508 MiB
l4c2838z20o6va,2026/07/30 20:51:12.889, 4, 8, 2520 MHz, 10251 MHz, 94.25 W, 450.00 W, 65, 40 %, 1 %, 0x0000000000000000, 10512 MiB
l4c2838z20o6va,2026/07/30 20:51:44.071, 4, 8, 2520 MHz, 10251 MHz, 99.15 W, 450.00 W, 64, 20 %, 1 %, 0x0000000000000000, 10512 MiB
l4c2838z20o6va,2026/07/30 20:52:15.181, 4, 8, 2520 MHz, 10251 MHz, 98.45 W, 450.00 W, 64, 40 %, 4 %, 0x0000000000000000, 10512 MiB
l4c2838z20o6va,2026/07/30 20:52:46.336, 4, 8, 2520 MHz, 10251 MHz, 100.02 W, 450.00 W, 64, 12 %, 1 %, 0x0000000000000000, 10512 MiB
l4c2838z20o6va,2026/07/30 20:53:17.446, 4, 8, 2520 MHz, 10251 MHz, 102.32 W, 450.00 W, 64, 12 %, 1 %, 0x0000000000000000, 10512 MiB
l4c2838z20o6va,2026/07/30 20:53:48.580, 4, 8, 2520 MHz, 10251 MHz, 103.00 W, 450.00 W, 64, 29 %, 1 %, 0x0000000000000000, 10512 MiB
l4c2838z20o6va,2026/07/30 20:54:19.758, 4, 8, 2520 MHz, 10251 MHz, 101.79 W, 450.00 W, 64, 15 %, 1 %, 0x0000000000000000, 10512 MiB
l4c2838z20o6va,2026/07/30 20:54:50.896, 4, 8, 2520 MHz, 10251 MHz, 102.89 W, 450.00 W, 64, 21 %, 1 %, 0x0000000000000000, 10512 MiB
l4c2838z20o6va,2026/07/30 20:55:22.086, 4, 8, 2520 MHz, 10251 MHz, 102.17 W, 450.00 W, 65, 36 %, 1 %, 0x0000000000000000, 10512 MiB
l4c2838z20o6va,2026/07/30 20:55:53.202, 4, 8, 2520 MHz, 10251 MHz, 102.24 W, 450.00 W, 64, 35 %, 2 %, 0x0000000000000000, 10512 MiB
l4c2838z20o6va,2026/07/30 20:56:24.400, 4, 8, 2520 MHz, 10251 MHz, 101.73 W, 450.00 W, 65, 41 %, 1 %, 0x0000000000000000, 10512 MiB
l4c2838z20o6va,2026/07/30 20:56:55.515, 4, 8, 2520 MHz, 10251 MHz, 101.26 W, 450.00 W, 64, 42 %, 2 %, 0x0000000000000000, 10512 MiB
l4c2838z20o6va,2026/07/30 20:57:26.604, 4, 8, 2520 MHz, 10251 MHz, 101.53 W, 450.00 W, 64, 16 %, 1 %, 0x0000000000000000, 10512 MiB
l4c2838z20o6va,2026/07/30 20:57:57.677, 4, 8, 2520 MHz, 10251 MHz, 101.85 W, 450.00 W, 65, 18 %, 1 %, 0x0000000000000000, 10512 MiB
l4c2838z20o6va,2026/07/30 20:58:28.801, 4, 8, 2520 MHz, 10251 MHz, 101.32 W, 450.00 W, 64, 15 %, 1 %, 0x0000000000000000, 10512 MiB
l4c2838z20o6va,2026/07/30 20:58:59.985, 4, 8, 2520 MHz, 10251 MHz, 102.84 W, 450.00 W, 65, 26 %, 2 %, 0x0000000000000000, 10512 MiB
l4c2838z20o6va,2026/07/30 20:59:31.134, 4, 8, 2520 MHz, 10251 MHz, 102.91 W, 450.00 W, 65, 14 %, 1 %, 0x0000000000000000, 10512 MiB
l4c2838z20o6va,2026/07/30 21:00:02.442, 4, 8, 2520 MHz, 10251 MHz, 101.67 W, 450.00 W, 65, 20 %, 1 %, 0x0000000000000000, 10512 MiB
l4c2838z20o6va,2026/07/30 21:00:33.556, 4, 8, 2520 MHz, 10251 MHz, 101.71 W, 450.00 W, 64, 17 %, 1 %, 0x0000000000000000, 10512 MiB
l4c2838z20o6va,2026/07/30 21:01:04.668, 4, 8, 2520 MHz, 10251 MHz, 99.98 W, 450.00 W, 64, 35 %, 1 %, 0x0000000000000000, 10512 MiB
l4c2838z20o6va,2026/07/30 21:01:35.883, 4, 8, 2520 MHz, 10251 MHz, 98.59 W, 450.00 W, 64, 40 %, 1 %, 0x0000000000000000, 10512 MiB
l4c2838z20o6va,2026/07/30 21:02:07.094, 4, 8, 2520 MHz, 10251 MHz, 98.96 W, 450.00 W, 65, 40 %, 1 %, 0x0000000000000000, 10512 MiB
l4c2838z20o6va,2026/07/30 21:02:38.273, 4, 8, 2520 MHz, 10251 MHz, 95.36 W, 450.00 W, 65, 40 %, 1 %, 0x0000000000000000, 10512 MiB
l4c2838z20o6va,2026/07/30 21:03:09.970, 4, 8, 2520 MHz, 10251 MHz, 99.72 W, 450.00 W, 64, 17 %, 1 %, 0x0000000000000000, 10512 MiB
l4c2838z20o6va,2026/07/30 21:03:41.195, 4, 8, 2610 MHz, 10251 MHz, 104.95 W, 450.00 W, 65, 16 %, 2 %, 0x0000000000000000, 10512 MiB
l4c2838z20o6va,2026/07/30 21:04:12.595, 4, 8, 2520 MHz, 10251 MHz, 102.73 W, 450.00 W, 64, 42 %, 2 %, 0x0000000000000000, 10512 MiB
l4c2838z20o6va,2026/07/30 21:04:43.781, 4, 8, 2520 MHz, 10251 MHz, 101.87 W, 450.00 W, 64, 19 %, 1 %, 0x0000000000000000, 10512 MiB
l4c2838z20o6va,2026/07/30 21:05:14.964, 4, 8, 2520 MHz, 10251 MHz, 102.50 W, 450.00 W, 64, 15 %, 1 %, 0x0000000000000000, 10512 MiB
l4c2838z20o6va,2026/07/30 21:05:46.070, 4, 8, 2520 MHz, 10251 MHz, 102.88 W, 450.00 W, 65, 14 %, 1 %, 0x0000000000000000, 10512 MiB
l4c2838z20o6va,2026/07/30 21:06:17.259, 4, 8, 2520 MHz, 10251 MHz, 102.34 W, 450.00 W, 64, 18 %, 2 %, 0x0000000000000000, 10512 MiB
l4c2838z20o6va,2026/07/30 21:06:48.466, 4, 8, 2520 MHz, 10251 MHz, 101.44 W, 450.00 W, 64, 42 %, 1 %, 0x0000000000000000, 10512 MiB
l4c2838z20o6va,2026/07/30 21:07:21.641, 4, 8, 2520 MHz, 10251 MHz, 101.31 W, 450.00 W, 64, 40 %, 1 %, 0x0000000000000000, 10512 MiB
l4c2838z20o6va,2026/07/30 21:07:52.917, 4, 8, 2520 MHz, 10251 MHz, 99.83 W, 450.00 W, 64, 39 %, 1 %, 0x0000000000000000, 10512 MiB
l4c2838z20o6va,2026/07/30 21:08:24.155, 4, 8, 2520 MHz, 10251 MHz, 97.90 W, 450.00 W, 64, 39 %, 1 %, 0x0000000000000000, 10512 MiB
l4c2838z20o6va,2026/07/30 21:08:55.528, 4, 8, 2520 MHz, 10251 MHz, 99.76 W, 450.00 W, 64, 37 %, 1 %, 0x0000000000000000, 10512 MiB
l4c2838z20o6va,2026/07/30 21:09:26.655, 4, 8, 2610 MHz, 10251 MHz, 103.34 W, 450.00 W, 65, 36 %, 1 %, 0x0000000000000000, 10512 MiB
l4c2838z20o6va,2026/07/30 21:09:57.818, 4, 8, 2535 MHz, 10251 MHz, 100.06 W, 450.00 W, 64, 42 %, 2 %, 0x0000000000000000, 10512 MiB
l4c2838z20o6va,2026/07/30 21:10:29.120, 4, 8, 2610 MHz, 10251 MHz, 108.99 W, 450.00 W, 65, 34 %, 1 %, 0x0000000000000000, 10512 MiB
l4c2838z20o6va,2026/07/30 21:11:00.468, 4, 8, 2520 MHz, 10251 MHz, 101.78 W, 450.00 W, 64, 42 %, 2 %, 0x0000000000000000, 10512 MiB
l4c2838z20o6va,2026/07/30 21:11:31.616, 4, 8, 2520 MHz, 10251 MHz, 101.74 W, 450.00 W, 64, 40 %, 1 %, 0x0000000000000000, 10512 MiB
l4c2838z20o6va,2026/07/30 21:12:02.734, 4, 8, 2520 MHz, 10251 MHz, 101.52 W, 450.00 W, 64, 40 %, 1 %, 0x0000000000000000, 10512 MiB
l4c2838z20o6va,2026/07/30 21:12:33.906, 4, 8, 2520 MHz, 10251 MHz, 101.50 W, 450.00 W, 64, 27 %, 1 %, 0x0000000000000000, 10514 MiB
l4c2838z20o6va,2026/07/30 21:13:05.131, 4, 8, 2520 MHz, 10251 MHz, 102.02 W, 450.00 W, 64, 15 %, 1 %, 0x0000000000000000, 10514 MiB
l4c2838z20o6va,2026/07/30 21:13:36.418, 4, 8, 2520 MHz, 10251 MHz, 102.49 W, 450.00 W, 64, 19 %, 1 %, 0x0000000000000000, 10514 MiB
l4c2838z20o6va,2026/07/30 21:14:07.778, 4, 8, 2520 MHz, 10251 MHz, 101.57 W, 450.00 W, 64, 17 %, 1 %, 0x0000000000000000, 10514 MiB
l4c2838z20o6va,2026/07/30 21:14:38.957, 4, 8, 2520 MHz, 10251 MHz, 101.38 W, 450.00 W, 64, 40 %, 1 %, 0x0000000000000000, 10514 MiB
l4c2838z20o6va,2026/07/30 21:15:10.206, 4, 8, 2520 MHz, 10251 MHz, 102.92 W, 450.00 W, 64, 40 %, 1 %, 0x0000000000000000, 10514 MiB
l4c2838z20o6va,2026/07/30 21:15:41.426, 4, 8, 2520 MHz, 10251 MHz, 96.53 W, 450.00 W, 64, 0 %, 0 %, 0x0000000000000000, 10514 MiB
l4c2838z20o6va,2026/07/30 21:16:12.580, 4, 8, 2520 MHz, 10251 MHz, 98.60 W, 450.00 W, 64, 40 %, 1 %, 0x0000000000000000, 10514 MiB
l4c2838z20o6va,2026/07/30 21:16:43.687, 4, 8, 2520 MHz, 10251 MHz, 97.74 W, 450.00 W, 64, 35 %, 1 %, 0x0000000000000000, 10514 MiB
l4c2838z20o6va,2026/07/30 21:17:14.825, 4, 8, 2610 MHz, 10251 MHz, 101.42 W, 450.00 W, 64, 28 %, 1 %, 0x0000000000000000, 10514 MiB
l4c2838z20o6va,2026/07/30 21:17:45.921, 4, 8, 2535 MHz, 10251 MHz, 97.81 W, 450.00 W, 64, 17 %, 1 %, 0x0000000000000000, 10514 MiB
l4c2838z20o6va,2026/07/30 21:18:17.465, 4, 8, 2520 MHz, 10251 MHz, 99.82 W, 450.00 W, 64, 22 %, 1 %, 0x0000000000000000, 10514 MiB
l4c2838z20o6va,2026/07/30 21:18:48.720, 4, 8, 2535 MHz, 10251 MHz, 101.52 W, 450.00 W, 64, 19 %, 2 %, 0x0000000000000000, 10514 MiB
l4c2838z20o6va,2026/07/30 21:19:19.834, 4, 8, 2520 MHz, 10251 MHz, 101.19 W, 450.00 W, 64, 13 %, 1 %, 0x0000000000000000, 10514 MiB
l4c2838z20o6va,2026/07/30 21:19:50.999, 4, 8, 2520 MHz, 10251 MHz, 102.57 W, 450.00 W, 64, 14 %, 1 %, 0x0000000000000000, 10514 MiB
l4c2838z20o6va,2026/07/30 21:20:24.003, 4, 8, 2520 MHz, 10251 MHz, 101.16 W, 450.00 W, 64, 14 %, 1 %, 0x0000000000000000, 10514 MiB
l4c2838z20o6va,2026/07/30 21:20:55.179, 4, 8, 2520 MHz, 10251 MHz, 101.88 W, 450.00 W, 65, 41 %, 2 %, 0x0000000000000000, 10514 MiB
l4c2838z20o6va,2026/07/30 21:21:26.272, 4, 8, 2520 MHz, 10251 MHz, 101.78 W, 450.00 W, 64, 40 %, 1 %, 0x0000000000000000, 10514 MiB
l4c2838z20o6va,2026/07/30 21:21:57.570, 4, 8, 2520 MHz, 10251 MHz, 101.19 W, 450.00 W, 64, 41 %, 1 %, 0x0000000000000000, 10514 MiB
l4c2838z20o6va,2026/07/30 21:22:28.789, 4, 8, 2520 MHz, 10251 MHz, 100.72 W, 450.00 W, 64, 41 %, 1 %, 0x0000000000000000, 10514 MiB
l4c2838z20o6va,2026/07/30 21:22:59.950, 4, 8, 2520 MHz, 10251 MHz, 100.46 W, 450.00 W, 64, 40 %, 1 %, 0x0000000000000000, 10514 MiB
l4c2838z20o6va,2026/07/30 21:23:31.060, 4, 8, 2520 MHz, 10251 MHz, 96.83 W, 450.00 W, 64, 40 %, 1 %, 0x0000000000000000, 10514 MiB
l4c2838z20o6va,2026/07/30 21:24:02.191, 4, 8, 2520 MHz, 10251 MHz, 100.29 W, 450.00 W, 64, 35 %, 1 %, 0x0000000000000000, 10514 MiB
l4c2838z20o6va,2026/07/30 21:24:33.279, 4, 8, 2610 MHz, 10251 MHz, 106.30 W, 450.00 W, 64, 42 %, 1 %, 0x0000000000000000, 10514 MiB
l4c2838z20o6va,2026/07/30 21:25:04.540, 4, 8, 2610 MHz, 10251 MHz, 106.39 W, 450.00 W, 65, 52 %, 2 %, 0x0000000000000000, 10514 MiB
l4c2838z20o6va,2026/07/30 21:25:35.799, 4, 8, 2610 MHz, 10251 MHz, 107.75 W, 450.00 W, 65, 38 %, 1 %, 0x0000000000000000, 10514 MiB
l4c2838z20o6va,2026/07/30 21:26:07.060, 4, 8, 2610 MHz, 10251 MHz, 106.34 W, 450.00 W, 65, 46 %, 1 %, 0x0000000000000000, 10514 MiB
l4c2838z20o6va,2026/07/30 21:26:38.206, 4, 8, 2520 MHz, 10251 MHz, 85.10 W, 450.00 W, 63, 0 %, 0 %, 0x0000000000000000, 10514 MiB
l4c2838z20o6va,2026/07/30 21:27:09.422, 4, 8, 2520 MHz, 10251 MHz, 83.67 W, 450.00 W, 62, 2 %, 0 %, 0x0000000000000000, 3126 MiB
l4c2838z20o6va,2026/07/30 21:27:40.591, 4, 8, 2520 MHz, 10251 MHz, 82.30 W, 450.00 W, 62, 0 %, 0 %, 0x0000000000000000, 3380 MiB
l4c2838z20o6va,2026/07/30 21:28:11.782, 4, 8, 2520 MHz, 10251 MHz, 83.27 W, 450.00 W, 62, 0 %, 0 %, 0x0000000000000000, 3510 MiB
l4c2838z20o6va,2026/07/30 21:28:42.924, 4, 8, 2520 MHz, 10251 MHz, 81.13 W, 450.00 W, 62, 0 %, 0 %, 0x0000000000000000, 5706 MiB
l4c2838z20o6va,2026/07/30 21:29:14.161, 1, 8, 210 MHz, 405 MHz, 31.08 W, 450.00 W, 59, 0 %, 0 %, 0x0000000000000001, 5706 MiB
l4c2838z20o6va,2026/07/30 21:29:45.493, 4, 8, 2610 MHz, 10251 MHz, 108.21 W, 450.00 W, 64, 77 %, 2 %, 0x0000000000000000, 6186 MiB
l4c2838z20o6va,2026/07/30 21:30:16.640, 4, 8, 2610 MHz, 10251 MHz, 109.26 W, 450.00 W, 64, 78 %, 2 %, 0x0000000000000000, 6186 MiB
l4c2838z20o6va,2026/07/30 21:30:47.856, 4, 8, 2595 MHz, 10251 MHz, 136.07 W, 450.00 W, 67, 49 %, 5 %, 0x0000000000000000, 8298 MiB
l4c2838z20o6va,2026/07/30 21:31:19.127, 4, 8, 2595 MHz, 10251 MHz, 110.05 W, 450.00 W, 66, 68 %, 2 %, 0x0000000000000000, 8298 MiB
l4c2838z20o6va,2026/07/30 21:31:50.245, 4, 8, 2595 MHz, 10251 MHz, 138.21 W, 450.00 W, 68, 41 %, 5 %, 0x0000000000000000, 8298 MiB
l4c2838z20o6va,2026/07/30 21:32:22.025, 4, 8, 2595 MHz, 10251 MHz, 135.75 W, 450.00 W, 68, 56 %, 15 %, 0x0000000000000000, 8298 MiB
l4c2838z20o6va,2026/07/30 21:32:53.360, 4, 8, 2595 MHz, 10251 MHz, 131.50 W, 450.00 W, 68, 51 %, 18 %, 0x0000000000000000, 8298 MiB
l4c2838z20o6va,2026/07/30 21:33:24.507, 4, 8, 2595 MHz, 10251 MHz, 107.46 W, 450.00 W, 66, 71 %, 2 %, 0x0000000000000000, 8298 MiB
l4c2838z20o6va,2026/07/30 21:33:55.779, 4, 8, 2595 MHz, 10251 MHz, 137.45 W, 450.00 W, 68, 36 %, 6 %, 0x0000000000000000, 8298 MiB
l4c2838z20o6va,2026/07/30 21:34:26.997, 4, 8, 2595 MHz, 10251 MHz, 138.07 W, 450.00 W, 67, 55 %, 16 %, 0x0000000000000000, 8298 MiB
l4c2838z20o6va,2026/07/30 21:34:58.115, 4, 8, 2595 MHz, 10251 MHz, 110.33 W, 450.00 W, 66, 71 %, 2 %, 0x0000000000000000, 8298 MiB
l4c2838z20o6va,2026/07/30 21:35:29.312, 4, 8, 2595 MHz, 10251 MHz, 137.72 W, 450.00 W, 69, 54 %, 14 %, 0x0000000000000000, 8298 MiB
l4c2838z20o6va,2026/07/30 21:36:00.445, 4, 8, 2595 MHz, 10251 MHz, 135.20 W, 450.00 W, 67, 54 %, 13 %, 0x0000000000000000, 8298 MiB
l4c2838z20o6va,2026/07/30 21:36:31.590, 4, 8, 2595 MHz, 10251 MHz, 113.60 W, 450.00 W, 67, 66 %, 2 %, 0x0000000000000000, 8298 MiB
l4c2838z20o6va,2026/07/30 21:37:02.725, 4, 8, 2595 MHz, 10251 MHz, 139.94 W, 450.00 W, 67, 47 %, 3 %, 0x0000000000000000, 8298 MiB
l4c2838z20o6va,2026/07/30 21:37:33.927, 4, 8, 2595 MHz, 10251 MHz, 137.45 W, 450.00 W, 68, 34 %, 5 %, 0x0000000000000000, 8298 MiB
l4c2838z20o6va,2026/07/30 21:38:05.072, 4, 8, 2595 MHz, 10251 MHz, 128.87 W, 450.00 W, 67, 55 %, 15 %, 0x0000000000000000, 8298 MiB
l4c2838z20o6va,2026/07/30 21:38:36.234, 4, 8, 2595 MHz, 10251 MHz, 125.43 W, 450.00 W, 66, 66 %, 2 %, 0x0000000000000000, 8298 MiB
l4c2838z20o6va,2026/07/30 21:39:07.629, 4, 8, 2595 MHz, 10251 MHz, 136.99 W, 450.00 W, 68, 36 %, 18 %, 0x0000000000000000, 8298 MiB
l4c2838z20o6va,2026/07/30 21:39:38.837, 4, 8, 2595 MHz, 10251 MHz, 137.72 W, 450.00 W, 67, 54 %, 15 %, 0x0000000000000000, 8298 MiB
l4c2838z20o6va,2026/07/30 21:40:09.959, 4, 8, 2595 MHz, 10251 MHz, 109.18 W, 450.00 W, 66, 31 %, 10 %, 0x0000000000000000, 8298 MiB
l4c2838z20o6va,2026/07/30 21:40:41.169, 4, 8, 2595 MHz, 10251 MHz, 138.76 W, 450.00 W, 67, 32 %, 22 %, 0x0000000000000000, 8298 MiB
l4c2838z20o6va,2026/07/30 21:41:12.304, 4, 8, 2595 MHz, 10251 MHz, 136.56 W, 450.00 W, 68, 31 %, 5 %, 0x0000000000000000, 8298 MiB
l4c2838z20o6va,2026/07/30 21:41:43.463, 4, 8, 2595 MHz, 10251 MHz, 140.46 W, 450.00 W, 68, 49 %, 6 %, 0x0000000000000000, 8298 MiB
l4c2838z20o6va,2026/07/30 21:42:14.558, 4, 8, 2595 MHz, 10251 MHz, 116.98 W, 450.00 W, 66, 66 %, 2 %, 0x0000000000000000, 8298 MiB
l4c2838z20o6va,2026/07/30 21:42:45.701, 4, 8, 2595 MHz, 10251 MHz, 138.89 W, 450.00 W, 67, 40 %, 4 %, 0x0000000000000000, 8298 MiB
l4c2838z20o6va,2026/07/30 21:43:16.894, 4, 8, 2595 MHz, 10251 MHz, 137.31 W, 450.00 W, 67, 54 %, 14 %, 0x0000000000000000, 8298 MiB
l4c2838z20o6va,2026/07/30 21:43:48.098, 4, 8, 2595 MHz, 10251 MHz, 110.17 W, 450.00 W, 66, 57 %, 2 %, 0x0000000000000000, 8298 MiB
l4c2838z20o6va,2026/07/30 21:44:19.285, 4, 8, 2595 MHz, 10251 MHz, 137.31 W, 450.00 W, 67, 31 %, 6 %, 0x0000000000000000, 8298 MiB
l4c2838z20o6va,2026/07/30 21:44:50.403, 4, 8, 2595 MHz, 10251 MHz, 135.03 W, 450.00 W, 67, 54 %, 13 %, 0x0000000000000000, 8298 MiB
l4c2838z20o6va,2026/07/30 21:45:21.604, 4, 8, 2595 MHz, 10251 MHz, 107.66 W, 450.00 W, 66, 0 %, 0 %, 0x0000000000000000, 8298 MiB
l4c2838z20o6va,2026/07/30 21:45:52.779, 4, 8, 2595 MHz, 10251 MHz, 139.05 W, 450.00 W, 67, 43 %, 18 %, 0x0000000000000000, 8298 MiB
l4c2838z20o6va,2026/07/30 21:46:23.977, 4, 8, 2595 MHz, 10251 MHz, 136.20 W, 450.00 W, 67, 54 %, 13 %, 0x0000000000000000, 8298 MiB
l4c2838z20o6va,2026/07/30 21:46:55.190, 4, 8, 2595 MHz, 10251 MHz, 133.60 W, 450.00 W, 67, 50 %, 8 %, 0x0000000000000000, 8298 MiB
l4c2838z20o6va,2026/07/30 21:47:26.295, 4, 8, 2595 MHz, 10251 MHz, 123.46 W, 450.00 W, 66, 63 %, 2 %, 0x0000000000000000, 8298 MiB
l4c2838z20o6va,2026/07/30 21:47:57.416, 4, 8, 2595 MHz, 10251 MHz, 137.35 W, 450.00 W, 68, 55 %, 15 %, 0x0000000000000000, 8298 MiB
l4c2838z20o6va,2026/07/30 21:48:28.601, 4, 8, 2595 MHz, 10251 MHz, 137.72 W, 450.00 W, 67, 53 %, 11 %, 0x0000000000000000, 8298 MiB
l4c2838z20o6va,2026/07/30 21:48:59.741, 4, 8, 2595 MHz, 10251 MHz, 108.41 W, 450.00 W, 66, 60 %, 2 %, 0x0000000000000000, 8298 MiB
l4c2838z20o6va,2026/07/30 21:49:30.973, 4, 8, 2595 MHz, 10251 MHz, 135.84 W, 450.00 W, 67, 32 %, 16 %, 0x0000000000000000, 8298 MiB
l4c2838z20o6va,2026/07/30 21:50:02.091, 4, 8, 2595 MHz, 10251 MHz, 136.62 W, 450.00 W, 67, 50 %, 8 %, 0x0000000000000000, 8298 MiB
l4c2838z20o6va,2026/07/30 21:50:33.292, 4, 8, 2595 MHz, 10251 MHz, 111.32 W, 450.00 W, 66, 57 %, 2 %, 0x0000000000000000, 8298 MiB
l4c2838z20o6va,2026/07/30 21:51:04.434, 4, 8, 2595 MHz, 10251 MHz, 138.41 W, 450.00 W, 68, 55 %, 15 %, 0x0000000000000000, 8298 MiB
l4c2838z20o6va,2026/07/30 21:51:35.622, 4, 8, 2595 MHz, 10251 MHz, 137.86 W, 450.00 W, 67, 34 %, 9 %, 0x0000000000000000, 8298 MiB
l4c2838z20o6va,2026/07/30 21:52:06.759, 4, 8, 2595 MHz, 10251 MHz, 111.86 W, 450.00 W, 68, 57 %, 2 %, 0x0000000000000000, 8298 MiB
l4c2838z20o6va,2026/07/30 21:52:37.873, 4, 8, 2595 MHz, 10251 MHz, 112.16 W, 450.00 W, 66, 73 %, 2 %, 0x0000000000000000, 8298 MiB
l4c2838z20o6va,2026/07/30 21:53:09.046, 4, 8, 2595 MHz, 10251 MHz, 110.52 W, 450.00 W, 65, 78 %, 3 %, 0x0000000000000000, 8298 MiB
l4c2838z20o6va,2026/07/30 21:53:40.303, 4, 8, 2595 MHz, 10251 MHz, 109.93 W, 450.00 W, 65, 76 %, 3 %, 0x0000000000000000, 8298 MiB
l4c2838z20o6va,2026/07/30 21:54:11.430, 1, 8, 210 MHz, 405 MHz, 31.80 W, 450.00 W, 60, 0 %, 0 %, 0x0000000000000001, 4 MiB
l4c2838z20o6va,2026/07/30 21:54:42.841, 4, 8, 2520 MHz, 10251 MHz, 84.27 W, 450.00 W, 62, 0 %, 0 %, 0x0000000000000000, 3376 MiB
l4c2838z20o6va,2026/07/30 21:55:14.045, 4, 8, 2520 MHz, 10251 MHz, 81.61 W, 450.00 W, 62, 0 %, 0 %, 0x0000000000000000, 3508 MiB
l4c2838z20o6va,2026/07/30 21:55:45.207, 4, 8, 2610 MHz, 10251 MHz, 92.03 W, 450.00 W, 62, 4 %, 0 %, 0x0000000000000000, 5050 MiB
l4c2838z20o6va,2026/07/30 21:56:16.530, 1, 8, 210 MHz, 405 MHz, 32.04 W, 450.00 W, 59, 0 %, 0 %, 0x0000000000000001, 5706 MiB
l4c2838z20o6va,2026/07/30 21:56:48.800, 4, 8, 2610 MHz, 10251 MHz, 105.67 W, 450.00 W, 63, 48 %, 1 %, 0x0000000000000000, 6412 MiB
l4c2838z20o6va,2026/07/30 21:57:20.755, 4, 8, 2610 MHz, 10251 MHz, 105.95 W, 450.00 W, 64, 42 %, 1 %, 0x0000000000000000, 6412 MiB
l4c2838z20o6va,2026/07/30 21:57:51.892, 4, 8, 2610 MHz, 10251 MHz, 105.37 W, 450.00 W, 65, 42 %, 1 %, 0x0000000000000000, 6412 MiB
l4c2838z20o6va,2026/07/30 21:58:23.692, 4, 8, 2610 MHz, 10251 MHz, 106.65 W, 450.00 W, 65, 42 %, 1 %, 0x0000000000000000, 6548 MiB
l4c2838z20o6va,2026/07/30 21:58:55.048, 4, 8, 2520 MHz, 10251 MHz, 102.32 W, 450.00 W, 65, 43 %, 2 %, 0x0000000000000000, 10644 MiB
l4c2838z20o6va,2026/07/30 21:59:26.218, 4, 8, 2520 MHz, 10251 MHz, 103.45 W, 450.00 W, 65, 39 %, 2 %, 0x0000000000000000, 10778 MiB
l4c2838z20o6va,2026/07/30 21:59:57.386, 4, 8, 2550 MHz, 10251 MHz, 102.02 W, 450.00 W, 65, 13 %, 1 %, 0x0000000000000000, 10914 MiB
l4c2838z20o6va,2026/07/30 22:00:28.514, 4, 8, 2535 MHz, 10251 MHz, 100.51 W, 450.00 W, 64, 37 %, 1 %, 0x0000000000000000, 10914 MiB
l4c2838z20o6va,2026/07/30 22:00:59.634, 4, 8, 2520 MHz, 10251 MHz, 99.97 W, 450.00 W, 64, 40 %, 1 %, 0x0000000000000000, 10914 MiB
l4c2838z20o6va,2026/07/30 22:01:30.791, 4, 8, 2520 MHz, 10251 MHz, 100.69 W, 450.00 W, 64, 40 %, 1 %, 0x0000000000000000, 10914 MiB
l4c2838z20o6va,2026/07/30 22:02:01.941, 4, 8, 2520 MHz, 10251 MHz, 96.99 W, 450.00 W, 64, 29 %, 1 %, 0x0000000000000000, 10914 MiB
l4c2838z20o6va,2026/07/30 22:02:33.236, 4, 8, 2520 MHz, 10251 MHz, 102.34 W, 450.00 W, 64, 29 %, 1 %, 0x0000000000000000, 10914 MiB
l4c2838z20o6va,2026/07/30 22:03:04.489, 4, 8, 2520 MHz, 10251 MHz, 99.19 W, 450.00 W, 64, 1 %, 0 %, 0x0000000000000000, 10914 MiB
l4c2838z20o6va,2026/07/30 22:03:35.662, 4, 8, 2520 MHz, 10251 MHz, 103.60 W, 450.00 W, 65, 14 %, 1 %, 0x0000000000000000, 10914 MiB
l4c2838z20o6va,2026/07/30 22:04:06.810, 4, 8, 2520 MHz, 10251 MHz, 103.02 W, 450.00 W, 64, 42 %, 2 %, 0x0000000000000000, 10914 MiB
l4c2838z20o6va,2026/07/30 22:04:38.042, 4, 8, 2520 MHz, 10251 MHz, 103.03 W, 450.00 W, 65, 14 %, 1 %, 0x0000000000000000, 10914 MiB
l4c2838z20o6va,2026/07/30 22:05:09.195, 4, 8, 2520 MHz, 10251 MHz, 102.61 W, 450.00 W, 65, 41 %, 2 %, 0x0000000000000000, 10914 MiB
l4c2838z20o6va,2026/07/30 22:05:40.375, 4, 8, 2520 MHz, 10251 MHz, 102.24 W, 450.00 W, 64, 14 %, 1 %, 0x0000000000000000, 10914 MiB
l4c2838z20o6va,2026/07/30 22:06:11.629, 4, 8, 2520 MHz, 10251 MHz, 102.67 W, 450.00 W, 64, 43 %, 2 %, 0x0000000000000000, 10914 MiB
l4c2838z20o6va,2026/07/30 22:06:42.786, 4, 8, 2520 MHz, 10251 MHz, 100.96 W, 450.00 W, 64, 42 %, 2 %, 0x0000000000000000, 10914 MiB
l4c2838z20o6va,2026/07/30 22:07:13.911, 4, 8, 2520 MHz, 10251 MHz, 101.57 W, 450.00 W, 64, 41 %, 2 %, 0x0000000000000000, 10914 MiB
l4c2838z20o6va,2026/07/30 22:07:45.064, 4, 8, 2520 MHz, 10251 MHz, 101.43 W, 450.00 W, 64, 41 %, 2 %, 0x0000000000000000, 10914 MiB
l4c2838z20o6va,2026/07/30 22:08:16.437, 4, 8, 2520 MHz, 10251 MHz, 101.47 W, 450.00 W, 64, 43 %, 2 %, 0x0000000000000000, 10914 MiB
l4c2838z20o6va,2026/07/30 22:08:47.594, 4, 8, 2520 MHz, 10251 MHz, 100.29 W, 450.00 W, 64, 40 %, 1 %, 0x0000000000000000, 10914 MiB
l4c2838z20o6va,2026/07/30 22:09:18.722, 4, 8, 2520 MHz, 10251 MHz, 96.08 W, 450.00 W, 64, 40 %, 1 %, 0x0000000000000000, 10914 MiB
l4c2838z20o6va,2026/07/30 22:09:49.841, 4, 8, 2535 MHz, 10251 MHz, 95.18 W, 450.00 W, 64, 0 %, 0 %, 0x0000000000000000, 10914 MiB
l4c2838z20o6va,2026/07/30 22:10:20.954, 4, 8, 2520 MHz, 10251 MHz, 99.14 W, 450.00 W, 64, 40 %, 1 %, 0x0000000000000000, 10914 MiB
l4c2838z20o6va,2026/07/30 22:10:52.170, 4, 8, 2520 MHz, 10251 MHz, 99.16 W, 450.00 W, 64, 40 %, 1 %, 0x0000000000000000, 10914 MiB
l4c2838z20o6va,2026/07/30 22:11:23.513, 4, 8, 2520 MHz, 10251 MHz, 98.66 W, 450.00 W, 64, 0 %, 0 %, 0x0000000000000000, 10914 MiB
l4c2838z20o6va,2026/07/30 22:11:54.841, 4, 8, 2520 MHz, 10251 MHz, 103.40 W, 450.00 W, 64, 19 %, 1 %, 0x0000000000000000, 10914 MiB
l4c2838z20o6va,2026/07/30 22:12:27.783, 4, 8, 2520 MHz, 10251 MHz, 102.04 W, 450.00 W, 64, 40 %, 1 %, 0x0000000000000000, 10914 MiB
l4c2838z20o6va,2026/07/30 22:12:59.030, 4, 8, 2520 MHz, 10251 MHz, 102.21 W, 450.00 W, 64, 6 %, 0 %, 0x0000000000000000, 10914 MiB
l4c2838z20o6va,2026/07/30 22:13:30.177, 4, 8, 2520 MHz, 10251 MHz, 100.38 W, 450.00 W, 64, 30 %, 1 %, 0x0000000000000000, 10914 MiB
l4c2838z20o6va,2026/07/30 22:14:01.330, 4, 8, 2520 MHz, 10251 MHz, 103.67 W, 450.00 W, 64, 28 %, 2 %, 0x0000000000000000, 10914 MiB
l4c2838z20o6va,2026/07/30 22:14:32.457, 4, 8, 2520 MHz, 10251 MHz, 103.36 W, 450.00 W, 64, 42 %, 2 %, 0x0000000000000000, 10914 MiB
l4c2838z20o6va,2026/07/30 22:15:03.776, 4, 8, 2520 MHz, 10251 MHz, 101.47 W, 450.00 W, 64, 15 %, 1 %, 0x0000000000000000, 10914 MiB
l4c2838z20o6va,2026/07/30 22:15:34.924, 4, 8, 2520 MHz, 10251 MHz, 102.03 W, 450.00 W, 64, 14 %, 1 %, 0x0000000000000000, 10914 MiB
l4c2838z20o6va,2026/07/30 22:16:06.187, 4, 8, 2520 MHz, 10251 MHz, 101.75 W, 450.00 W, 64, 25 %, 2 %, 0x0000000000000000, 10914 MiB
l4c2838z20o6va,2026/07/30 22:16:37.303, 4, 8, 2520 MHz, 10251 MHz, 102.53 W, 450.00 W, 65, 35 %, 2 %, 0x0000000000000000, 10914 MiB
l4c2838z20o6va,2026/07/30 22:17:08.436, 4, 8, 2520 MHz, 10251 MHz, 102.59 W, 450.00 W, 65, 16 %, 2 %, 0x0000000000000000, 10914 MiB
l4c2838z20o6va,2026/07/30 22:17:39.546, 4, 8, 2520 MHz, 10251 MHz, 101.09 W, 450.00 W, 64, 14 %, 2 %, 0x0000000000000000, 10914 MiB
l4c2838z20o6va,2026/07/30 22:18:10.679, 4, 8, 2520 MHz, 10251 MHz, 103.00 W, 450.00 W, 64, 39 %, 1 %, 0x0000000000000000, 10914 MiB
l4c2838z20o6va,2026/07/30 22:18:41.955, 4, 8, 2520 MHz, 10251 MHz, 102.82 W, 450.00 W, 64, 41 %, 1 %, 0x0000000000000000, 10914 MiB
l4c2838z20o6va,2026/07/30 22:19:13.122, 4, 8, 2520 MHz, 10251 MHz, 96.14 W, 450.00 W, 64, 12 %, 1 %, 0x0000000000000000, 10914 MiB
l4c2838z20o6va,2026/07/30 22:19:44.290, 4, 8, 2520 MHz, 10251 MHz, 96.45 W, 450.00 W, 64, 40 %, 1 %, 0x0000000000000000, 10914 MiB
l4c2838z20o6va,2026/07/30 22:20:15.487, 4, 8, 2520 MHz, 10251 MHz, 99.37 W, 450.00 W, 64, 31 %, 1 %, 0x0000000000000000, 10914 MiB
l4c2838z20o6va,2026/07/30 22:20:46.636, 4, 8, 2520 MHz, 10251 MHz, 99.10 W, 450.00 W, 64, 25 %, 1 %, 0x0000000000000000, 10914 MiB
l4c2838z20o6va,2026/07/30 22:21:17.872, 4, 8, 2520 MHz, 10251 MHz, 96.35 W, 450.00 W, 64, 3 %, 0 %, 0x0000000000000000, 10914 MiB
l4c2838z20o6va,2026/07/30 22:21:49.006, 4, 8, 2520 MHz, 10251 MHz, 101.12 W, 450.00 W, 64, 27 %, 1 %, 0x0000000000000000, 10914 MiB
l4c2838z20o6va,2026/07/30 22:22:20.147, 4, 8, 2520 MHz, 10251 MHz, 102.54 W, 450.00 W, 64, 32 %, 1 %, 0x0000000000000000, 10914 MiB
l4c2838z20o6va,2026/07/30 22:22:51.267, 4, 8, 2520 MHz, 10251 MHz, 98.50 W, 450.00 W, 64, 6 %, 0 %, 0x0000000000000000, 10914 MiB
l4c2838z20o6va,2026/07/30 22:23:23.256, 4, 8, 2520 MHz, 10251 MHz, 102.39 W, 450.00 W, 64, 17 %, 1 %, 0x0000000000000000, 10914 MiB
l4c2838z20o6va,2026/07/30 22:23:54.404, 4, 8, 2520 MHz, 10251 MHz, 102.30 W, 450.00 W, 65, 13 %, 1 %, 0x0000000000000000, 10914 MiB
l4c2838z20o6va,2026/07/30 22:24:25.665, 4, 8, 2520 MHz, 10251 MHz, 101.50 W, 450.00 W, 64, 14 %, 1 %, 0x0000000000000000, 10914 MiB
l4c2838z20o6va,2026/07/30 22:24:56.874, 4, 8, 2520 MHz, 10251 MHz, 101.87 W, 450.00 W, 64, 14 %, 1 %, 0x0000000000000000, 10914 MiB
l4c2838z20o6va,2026/07/30 22:25:28.144, 4, 8, 2520 MHz, 10251 MHz, 102.04 W, 450.00 W, 64, 42 %, 2 %, 0x0000000000000000, 10914 MiB
l4c2838z20o6va,2026/07/30 22:25:59.426, 4, 8, 2520 MHz, 10251 MHz, 101.08 W, 450.00 W, 64, 32 %, 2 %, 0x0000000000000000, 10914 MiB
l4c2838z20o6va,2026/07/30 22:26:30.744, 4, 8, 2520 MHz, 10251 MHz, 101.55 W, 450.00 W, 64, 42 %, 2 %, 0x0000000000000000, 10914 MiB
l4c2838z20o6va,2026/07/30 22:27:02.021, 4, 8, 2520 MHz, 10251 MHz, 101.51 W, 450.00 W, 64, 31 %, 2 %, 0x0000000000000000, 10914 MiB
l4c2838z20o6va,2026/07/30 22:27:33.317, 4, 8, 2535 MHz, 10251 MHz, 102.82 W, 450.00 W, 64, 36 %, 2 %, 0x0000000000000000, 10914 MiB
l4c2838z20o6va,2026/07/30 22:28:04.479, 4, 8, 2520 MHz, 10251 MHz, 101.12 W, 450.00 W, 64, 6 %, 3 %, 0x0000000000000000, 10914 MiB
l4c2838z20o6va,2026/07/30 22:28:35.717, 4, 8, 2520 MHz, 10251 MHz, 99.22 W, 450.00 W, 64, 40 %, 1 %, 0x0000000000000000, 10914 MiB
l4c2838z20o6va,2026/07/30 22:29:06.933, 4, 8, 2520 MHz, 10251 MHz, 99.82 W, 450.00 W, 64, 34 %, 1 %, 0x0000000000000000, 10914 MiB
l4c2838z20o6va,2026/07/30 22:29:38.119, 4, 8, 2520 MHz, 10251 MHz, 98.89 W, 450.00 W, 64, 31 %, 1 %, 0x0000000000000000, 10914 MiB
l4c2838z20o6va,2026/07/30 22:30:09.287, 4, 8, 2520 MHz, 10251 MHz, 102.03 W, 450.00 W, 64, 32 %, 1 %, 0x0000000000000000, 10914 MiB
l4c2838z20o6va,2026/07/30 22:30:40.681, 4, 8, 2520 MHz, 10251 MHz, 99.59 W, 450.00 W, 64, 24 %, 1 %, 0x0000000000000000, 10914 MiB
l4c2838z20o6va,2026/07/30 22:31:11.875, 4, 8, 2520 MHz, 10251 MHz, 102.37 W, 450.00 W, 64, 42 %, 1 %, 0x0000000000000000, 10914 MiB
l4c2838z20o6va,2026/07/30 22:31:43.110, 4, 8, 2520 MHz, 10251 MHz, 102.47 W, 450.00 W, 65, 12 %, 1 %, 0x0000000000000000, 10914 MiB
l4c2838z20o6va,2026/07/30 22:32:14.317, 4, 8, 2520 MHz, 10251 MHz, 103.24 W, 450.00 W, 65, 34 %, 1 %, 0x0000000000000000, 10914 MiB
l4c2838z20o6va,2026/07/30 22:32:45.419, 4, 8, 2520 MHz, 10251 MHz, 100.79 W, 450.00 W, 65, 41 %, 1 %, 0x0000000000000000, 10914 MiB
l4c2838z20o6va,2026/07/30 22:33:16.638, 4, 8, 2520 MHz, 10251 MHz, 103.52 W, 450.00 W, 65, 17 %, 1 %, 0x0000000000000000, 10914 MiB
l4c2838z20o6va,2026/07/30 22:33:47.802, 4, 8, 2520 MHz, 10251 MHz, 102.93 W, 450.00 W, 65, 18 %, 1 %, 0x0000000000000000, 10914 MiB
l4c2838z20o6va,2026/07/30 22:34:18.993, 4, 8, 2610 MHz, 10251 MHz, 107.57 W, 450.00 W, 65, 42 %, 1 %, 0x0000000000000000, 10914 MiB
l4c2838z20o6va,2026/07/30 22:34:50.183, 4, 8, 2610 MHz, 10251 MHz, 106.89 W, 450.00 W, 65, 50 %, 1 %, 0x0000000000000000, 10914 MiB
l4c2838z20o6va,2026/07/30 22:35:21.475, 4, 8, 2610 MHz, 10251 MHz, 107.61 W, 450.00 W, 65, 42 %, 1 %, 0x0000000000000000, 10914 MiB
l4c2838z20o6va,2026/07/30 22:35:52.643, 4, 8, 2595 MHz, 10251 MHz, 108.35 W, 450.00 W, 65, 45 %, 5 %, 0x0000000000000000, 10914 MiB
l4c2838z20o6va,2026/07/30 22:36:23.880, 4, 8, 2520 MHz, 10251 MHz, 81.53 W, 450.00 W, 63, 0 %, 0 %, 0x0000000000000000, 10914 MiB
l4c2838z20o6va,2026/07/30 22:36:55.855, 4, 8, 2520 MHz, 10251 MHz, 80.53 W, 450.00 W, 62, 0 %, 0 %, 0x0000000000000000, 3126 MiB
l4c2838z20o6va,2026/07/30 22:37:27.182, 4, 8, 2520 MHz, 10251 MHz, 83.46 W, 450.00 W, 62, 0 %, 0 %, 0x0000000000000000, 3380 MiB
l4c2838z20o6va,2026/07/30 22:37:58.478, 4, 8, 2520 MHz, 10251 MHz, 84.53 W, 450.00 W, 62, 0 %, 0 %, 0x0000000000000000, 3512 MiB
l4c2838z20o6va,2026/07/30 22:38:29.839, 4, 8, 2520 MHz, 10251 MHz, 79.61 W, 450.00 W, 62, 0 %, 0 %, 0x0000000000000000, 5706 MiB
l4c2838z20o6va,2026/07/30 22:39:01.064, 4, 8, 2610 MHz, 10251 MHz, 108.40 W, 450.00 W, 63, 77 %, 6 %, 0x0000000000000000, 6334 MiB
l4c2838z20o6va,2026/07/30 22:39:32.217, 4, 8, 2610 MHz, 10251 MHz, 109.66 W, 450.00 W, 65, 79 %, 3 %, 0x0000000000000000, 6468 MiB
l4c2838z20o6va,2026/07/30 22:40:03.504, 4, 8, 2610 MHz, 10251 MHz, 109.04 W, 450.00 W, 65, 80 %, 3 %, 0x0000000000000000, 6604 MiB
l4c2838z20o6va,2026/07/30 22:40:34.803, 4, 8, 2595 MHz, 10251 MHz, 135.78 W, 450.00 W, 67, 40 %, 8 %, 0x0000000000000000, 8620 MiB
l4c2838z20o6va,2026/07/30 22:41:05.959, 4, 8, 2595 MHz, 10251 MHz, 140.66 W, 450.00 W, 68, 32 %, 18 %, 0x0000000000000000, 9156 MiB
l4c2838z20o6va,2026/07/30 22:41:37.227, 4, 8, 2595 MHz, 10251 MHz, 139.21 W, 450.00 W, 68, 45 %, 17 %, 0x0000000000000000, 9156 MiB
l4c2838z20o6va,2026/07/30 22:42:08.379, 4, 8, 2595 MHz, 10251 MHz, 136.25 W, 450.00 W, 67, 70 %, 2 %, 0x0000000000000000, 9156 MiB
l4c2838z20o6va,2026/07/30 22:42:39.576, 4, 8, 2595 MHz, 10251 MHz, 137.15 W, 450.00 W, 68, 47 %, 5 %, 0x0000000000000000, 9156 MiB
l4c2838z20o6va,2026/07/30 22:43:10.675, 4, 8, 2595 MHz, 10251 MHz, 113.04 W, 450.00 W, 67, 68 %, 2 %, 0x0000000000000000, 9156 MiB
l4c2838z20o6va,2026/07/30 22:43:41.870, 4, 8, 2595 MHz, 10251 MHz, 138.92 W, 450.00 W, 67, 43 %, 6 %, 0x0000000000000000, 9156 MiB
l4c2838z20o6va,2026/07/30 22:44:13.016, 4, 8, 2595 MHz, 10251 MHz, 109.64 W, 450.00 W, 66, 58 %, 2 %, 0x0000000000000000, 9156 MiB
l4c2838z20o6va,2026/07/30 22:44:44.138, 4, 8, 2595 MHz, 10251 MHz, 138.51 W, 450.00 W, 68, 54 %, 13 %, 0x0000000000000000, 9156 MiB
l4c2838z20o6va,2026/07/30 22:45:15.354, 4, 8, 2595 MHz, 10251 MHz, 124.99 W, 450.00 W, 68, 28 %, 8 %, 0x0000000000000000, 9156 MiB
l4c2838z20o6va,2026/07/30 22:45:46.498, 4, 8, 2595 MHz, 10251 MHz, 140.76 W, 450.00 W, 68, 39 %, 20 %, 0x0000000000000000, 9158 MiB
l4c2838z20o6va,2026/07/30 22:46:17.650, 4, 8, 2595 MHz, 10251 MHz, 138.56 W, 450.00 W, 68, 36 %, 18 %, 0x0000000000000000, 9158 MiB
l4c2838z20o6va,2026/07/30 22:46:48.777, 4, 8, 2595 MHz, 10251 MHz, 141.78 W, 450.00 W, 67, 50 %, 7 %, 0x0000000000000000, 9158 MiB
l4c2838z20o6va,2026/07/30 22:47:20.026, 4, 8, 2595 MHz, 10251 MHz, 138.37 W, 450.00 W, 68, 39 %, 20 %, 0x0000000000000000, 9158 MiB
l4c2838z20o6va,2026/07/30 22:47:51.242, 4, 8, 2595 MHz, 10251 MHz, 122.37 W, 450.00 W, 66, 55 %, 2 %, 0x0000000000000000, 9434 MiB
l4c2838z20o6va,2026/07/30 22:48:22.688, 4, 8, 2595 MHz, 10251 MHz, 138.05 W, 450.00 W, 67, 56 %, 14 %, 0x0000000000000000, 9434 MiB
l4c2838z20o6va,2026/07/30 22:48:53.946, 4, 8, 2595 MHz, 10251 MHz, 110.38 W, 450.00 W, 66, 56 %, 2 %, 0x0000000000000000, 9434 MiB
l4c2838z20o6va,2026/07/30 22:49:25.121, 4, 8, 2595 MHz, 10251 MHz, 138.44 W, 450.00 W, 67, 57 %, 16 %, 0x0000000000000000, 9434 MiB
l4c2838z20o6va,2026/07/30 22:49:56.296, 4, 8, 2595 MHz, 10251 MHz, 112.09 W, 450.00 W, 66, 71 %, 2 %, 0x0000000000000000, 9434 MiB
l4c2838z20o6va,2026/07/30 22:50:27.413, 4, 8, 2595 MHz, 10251 MHz, 137.95 W, 450.00 W, 67, 50 %, 21 %, 0x0000000000000000, 9434 MiB
l4c2838z20o6va,2026/07/30 22:50:58.582, 4, 8, 2595 MHz, 10251 MHz, 129.41 W, 450.00 W, 68, 59 %, 17 %, 0x0000000000000000, 9434 MiB
l4c2838z20o6va,2026/07/30 22:51:30.567, 4, 8, 2595 MHz, 10251 MHz, 125.85 W, 450.00 W, 67, 29 %, 20 %, 0x0000000000000000, 9434 MiB
l4c2838z20o6va,2026/07/30 22:52:01.793, 4, 8, 2595 MHz, 10251 MHz, 136.22 W, 450.00 W, 68, 53 %, 12 %, 0x0000000000000000, 9434 MiB
l4c2838z20o6va,2026/07/30 22:52:32.963, 4, 8, 2595 MHz, 10251 MHz, 116.24 W, 450.00 W, 66, 56 %, 2 %, 0x0000000000000000, 9434 MiB
l4c2838z20o6va,2026/07/30 22:53:04.299, 4, 8, 2595 MHz, 10251 MHz, 138.06 W, 450.00 W, 67, 57 %, 15 %, 0x0000000000000000, 9434 MiB
l4c2838z20o6va,2026/07/30 22:53:35.474, 4, 8, 2595 MHz, 10251 MHz, 110.21 W, 450.00 W, 66, 62 %, 2 %, 0x0000000000000000, 9434 MiB
l4c2838z20o6va,2026/07/30 22:54:06.623, 4, 8, 2595 MHz, 10251 MHz, 138.04 W, 450.00 W, 67, 57 %, 16 %, 0x0000000000000000, 9434 MiB
l4c2838z20o6va,2026/07/30 22:54:37.857, 4, 8, 2595 MHz, 10251 MHz, 110.79 W, 450.00 W, 66, 56 %, 2 %, 0x0000000000000000, 9434 MiB
l4c2838z20o6va,2026/07/30 22:55:09.031, 4, 8, 2595 MHz, 10251 MHz, 138.20 W, 450.00 W, 68, 55 %, 14 %, 0x0000000000000000, 9434 MiB
l4c2838z20o6va,2026/07/30 22:55:40.236, 4, 8, 2595 MHz, 10251 MHz, 120.43 W, 450.00 W, 67, 47 %, 4 %, 0x0000000000000000, 9434 MiB
l4c2838z20o6va,2026/07/30 22:56:11.336, 4, 8, 2595 MHz, 10251 MHz, 138.29 W, 450.00 W, 68, 55 %, 14 %, 0x0000000000000000, 9434 MiB
l4c2838z20o6va,2026/07/30 22:56:42.689, 4, 8, 2595 MHz, 10251 MHz, 139.51 W, 450.00 W, 67, 24 %, 11 %, 0x0000000000000000, 9434 MiB
l4c2838z20o6va,2026/07/30 22:57:13.934, 4, 8, 2595 MHz, 10251 MHz, 139.95 W, 450.00 W, 68, 56 %, 16 %, 0x0000000000000000, 9434 MiB
l4c2838z20o6va,2026/07/30 22:57:45.088, 4, 8, 2595 MHz, 10251 MHz, 134.71 W, 450.00 W, 67, 51 %, 9 %, 0x0000000000000000, 9434 MiB
l4c2838z20o6va,2026/07/30 22:58:16.681, 4, 8, 2595 MHz, 10251 MHz, 113.17 W, 450.00 W, 66, 65 %, 2 %, 0x0000000000000000, 9434 MiB
l4c2838z20o6va,2026/07/30 22:58:48.057, 4, 8, 2595 MHz, 10251 MHz, 137.62 W, 450.00 W, 68, 44 %, 6 %, 0x0000000000000000, 9434 MiB
l4c2838z20o6va,2026/07/30 22:59:19.260, 4, 8, 2595 MHz, 10251 MHz, 106.92 W, 450.00 W, 66, 71 %, 2 %, 0x0000000000000000, 9434 MiB
l4c2838z20o6va,2026/07/30 22:59:50.586, 4, 8, 2595 MHz, 10251 MHz, 137.45 W, 450.00 W, 69, 55 %, 14 %, 0x0000000000000000, 9434 MiB
l4c2838z20o6va,2026/07/30 23:00:21.690, 4, 8, 2595 MHz, 10251 MHz, 107.01 W, 450.00 W, 66, 35 %, 1 %, 0x0000000000000000, 9434 MiB
l4c2838z20o6va,2026/07/30 23:00:52.822, 4, 8, 2595 MHz, 10251 MHz, 137.22 W, 450.00 W, 69, 49 %, 20 %, 0x0000000000000000, 9434 MiB
l4c2838z20o6va,2026/07/30 23:01:23.990, 4, 8, 2595 MHz, 10251 MHz, 109.16 W, 450.00 W, 66, 70 %, 2 %, 0x0000000000000000, 9434 MiB
l4c2838z20o6va,2026/07/30 23:01:55.224, 4, 8, 2595 MHz, 10251 MHz, 136.81 W, 450.00 W, 67, 27 %, 13 %, 0x0000000000000000, 9434 MiB
l4c2838z20o6va,2026/07/30 23:02:26.462, 4, 8, 2595 MHz, 10251 MHz, 125.17 W, 450.00 W, 67, 56 %, 20 %, 0x0000000000000000, 9434 MiB
l4c2838z20o6va,2026/07/30 23:02:57.608, 4, 8, 2595 MHz, 10251 MHz, 139.05 W, 450.00 W, 67, 56 %, 14 %, 0x0000000000000000, 9434 MiB
l4c2838z20o6va,2026/07/30 23:03:28.827, 4, 8, 2595 MHz, 10251 MHz, 111.34 W, 450.00 W, 66, 78 %, 3 %, 0x0000000000000000, 9434 MiB
l4c2838z20o6va,2026/07/30 23:03:59.994, 4, 8, 2595 MHz, 10251 MHz, 111.11 W, 450.00 W, 65, 79 %, 3 %, 0x0000000000000000, 9434 MiB
l4c2838z20o6va,2026/07/30 23:04:31.317, 4, 8, 2520 MHz, 10251 MHz, 79.97 W, 450.00 W, 63, 0 %, 0 %, 0x0000000000000000, 9434 MiB
l4c2838z20o6va,2026/07/30 23:05:02.427, 1, 8, 210 MHz, 405 MHz, 30.46 W, 450.00 W, 59, 0 %, 0 %, 0x0000000000000001, 1 MiB
l4c2838z20o6va,2026/07/30 23:05:33.645, 1, 8, 210 MHz, 405 MHz, 29.94 W, 450.00 W, 58, 0 %, 0 %, 0x0000000000000001, 1 MiB
l4c2838z20o6va,2026/07/30 23:06:04.774, 1, 8, 210 MHz, 405 MHz, 29.46 W, 450.00 W, 57, 0 %, 0 %, 0x0000000000000001, 1 MiB
