2026/07/10 14:12:08.357, 6, 18.09, 180, 0
2026/07/10 14:12:10.374, 6, 21.11, 180, 0
2026/07/10 14:12:12.374, 6, 15.23, 180, 0
2026/07/10 14:12:14.375, 6, 15.80, 180, 0
2026/07/10 14:12:16.375, 6, 15.89, 180, 0
2026/07/10 14:12:18.376, 8, 21.94, 180, 0
2026/07/10 14:12:20.376, 8, 15.93, 180, 0
2026/07/10 14:12:22.377, 8, 15.81, 180, 0
2026/07/10 14:12:24.377, 8, 15.58, 180, 0
2026/07/10 14:12:26.377, 8, 15.51, 180, 0
2026/07/10 14:12:28.377, 8, 15.60, 180, 0
2026/07/10 14:12:30.378, 8, 15.67, 180, 0
2026/07/10 14:12:32.378, 8, 15.84, 180, 0
2026/07/10 14:12:34.378, 8, 15.77, 180, 0
2026/07/10 14:12:36.379, 8, 16.08, 180, 0
2026/07/10 14:12:38.379, 8, 15.81, 180, 0
2026/07/10 14:12:40.379, 8, 16.07, 180, 0
2026/07/10 14:12:42.379, 8, 15.67, 180, 0
2026/07/10 14:12:44.380, 8, 15.57, 180, 0
2026/07/10 14:12:46.380, 8, 15.40, 180, 0
2026/07/10 14:12:48.435, 8, 15.24, 180, 0
2026/07/10 14:12:50.435, 8, 15.44, 180, 0
2026/07/10 14:12:52.436, 8, 16.05, 180, 0
2026/07/10 14:12:54.436, 8, 16.42, 180, 0
2026/07/10 14:12:56.436, 8, 15.37, 180, 0
2026/07/10 14:12:58.437, 8, 15.73, 180, 0
2026/07/10 14:13:00.438, 8, 15.63, 180, 0
2026/07/10 14:13:02.438, 2236, 15.44, 180, 0
2026/07/10 14:13:04.438, 9096, 99.95, 2280, 39
2026/07/10 14:13:06.439, 15598, 102.41, 2310, 39
2026/07/10 14:13:08.439, 16758, 109.79, 2325, 0
2026/07/10 14:13:10.440, 16758, 74.18, 2287, 0
2026/07/10 14:13:12.440, 16758, 72.75, 2272, 0
2026/07/10 14:13:14.440, 16758, 72.99, 2272, 0
2026/07/10 14:13:16.441, 16758, 72.81, 2272, 0
2026/07/10 14:13:18.441, 19826, 83.11, 2280, 0
2026/07/10 14:13:20.441, 16966, 300.61, 2002, 93
2026/07/10 14:13:22.442, 19826, 300.10, 2055, 85
2026/07/10 14:13:24.442, 18306, 301.98, 2002, 93
2026/07/10 14:13:26.442, 19826, 300.17, 2002, 82
2026/07/10 14:13:28.443, 19826, 296.94, 2002, 93
2026/07/10 14:13:30.443, 16830, 299.92, 1987, 93
2026/07/10 14:13:32.443, 19826, 299.94, 2047, 93
2026/07/10 14:13:34.443, 19826, 299.88, 1965, 93
2026/07/10 14:13:36.444, 19826, 300.02, 1972, 93
2026/07/10 14:13:38.444, 19826, 299.73, 1972, 93
2026/07/10 14:13:40.444, 18298, 300.20, 1987, 90
2026/07/10 14:13:42.445, 19826, 299.38, 2032, 93
2026/07/10 14:13:44.445, 19826, 299.95, 1965, 92
2026/07/10 14:13:46.445, 19826, 300.12, 1972, 82
2026/07/10 14:13:48.446, 19826, 299.18, 1957, 93
2026/07/10 14:13:50.446, 18298, 300.28, 1965, 90
2026/07/10 14:13:52.446, 19826, 299.65, 2025, 93
2026/07/10 14:13:54.447, 18306, 299.91, 1950, 93
2026/07/10 14:13:56.447, 19826, 300.31, 1950, 82
2026/07/10 14:13:58.447, 19826, 300.22, 1935, 90
2026/07/10 14:14:00.447, 19826, 240.10, 2227, 93
2026/07/10 14:14:02.448, 76944, 302.09, 2107, 92
2026/07/10 14:14:04.448, 76944, 299.83, 2025, 91
2026/07/10 14:14:06.448, 76996, 300.12, 2070, 82
2026/07/10 14:14:08.449, 76996, 299.34, 2100, 94
2026/07/10 14:14:10.449, 76996, 299.83, 2025, 91
2026/07/10 14:14:12.449, 76996, 300.08, 2047, 80
2026/07/10 14:14:14.450, 76996, 300.03, 2092, 92
2026/07/10 14:14:16.450, 76996, 300.41, 2032, 74
2026/07/10 14:14:18.450, 76996, 299.99, 2055, 90
2026/07/10 14:14:20.451, 76996, 299.95, 2085, 92
2026/07/10 14:14:22.451, 76996, 299.82, 2002, 93
2026/07/10 14:14:24.451, 76996, 300.28, 2107, 93
2026/07/10 14:14:26.452, 76996, 300.18, 2100, 94
2026/07/10 14:14:28.452, 76996, 299.85, 2077, 94
2026/07/10 14:14:30.452, 76996, 266.16, 2325, 94
2026/07/10 14:14:32.453, 76996, 299.93, 2062, 94
2026/07/10 14:14:34.453, 76996, 299.85, 1995, 93
2026/07/10 14:14:36.453, 76996, 299.98, 1995, 83
2026/07/10 14:14:38.454, 76996, 299.98, 2047, 92
2026/07/10 14:14:40.454, 76996, 299.98, 2055, 93
2026/07/10 14:14:42.454, 76996, 300.00, 2055, 94
2026/07/10 14:14:44.455, 76996, 298.05, 2062, 94
2026/07/10 14:14:46.455, 76996, 269.81, 2062, 95
2026/07/10 14:14:48.455, 76996, 300.02, 2077, 93
2026/07/10 14:14:50.455, 76996, 302.29, 2055, 91
2026/07/10 14:14:52.456, 76996, 299.98, 2010, 82
2026/07/10 14:14:54.456, 76996, 299.94, 2002, 91
2026/07/10 14:14:56.456, 76996, 299.93, 2040, 92
2026/07/10 14:14:58.457, 76996, 299.98, 2047, 94
2026/07/10 14:15:00.457, 76996, 299.98, 2040, 94
2026/07/10 14:15:02.457, 76996, 299.97, 2047, 93
2026/07/10 14:15:04.458, 76996, 300.00, 2047, 95
2026/07/10 14:15:06.458, 76996, 300.00, 2040, 94
2026/07/10 14:15:08.458, 76996, 298.30, 2047, 94
2026/07/10 14:15:10.459, 76996, 299.41, 2040, 94
2026/07/10 14:15:12.459, 76996, 299.97, 2055, 94
2026/07/10 14:15:14.459, 76996, 299.96, 1950, 88
2026/07/10 14:15:16.459, 76996, 306.82, 2025, 94
2026/07/10 14:15:18.460, 76996, 300.07, 1965, 94
2026/07/10 14:15:20.460, 76996, 299.95, 1987, 82
2026/07/10 14:15:22.460, 76996, 300.06, 1995, 92
2026/07/10 14:15:24.461, 76996, 300.03, 2025, 92
2026/07/10 14:15:26.461, 76996, 299.39, 1935, 93
2026/07/10 14:15:28.461, 76996, 300.24, 2055, 94
2026/07/10 14:15:30.462, 76996, 259.26, 2130, 91
2026/07/10 14:15:32.462, 76996, 300.03, 2092, 94
2026/07/10 14:15:34.462, 76996, 299.80, 2040, 94
2026/07/10 14:15:36.463, 76996, 299.53, 1987, 92
2026/07/10 14:15:38.463, 76996, 300.03, 2025, 92
2026/07/10 14:15:40.463, 76996, 299.90, 2047, 92
2026/07/10 14:15:42.463, 76996, 299.93, 2025, 94
2026/07/10 14:15:44.464, 76996, 299.95, 2025, 95
2026/07/10 14:15:46.464, 76996, 269.45, 2100, 0
2026/07/10 14:15:48.464, 76996, 299.94, 2025, 92
2026/07/10 14:15:50.465, 76996, 299.57, 2055, 93
2026/07/10 14:15:52.465, 76996, 300.38, 2002, 91
2026/07/10 14:15:54.465, 76996, 300.06, 2017, 94
2026/07/10 14:15:56.466, 76996, 299.96, 1987, 91
2026/07/10 14:15:58.466, 76996, 300.00, 2017, 92
2026/07/10 14:16:00.466, 76996, 300.39, 1942, 92
2026/07/10 14:16:02.467, 76996, 300.16, 2025, 94
2026/07/10 14:16:04.467, 76996, 300.02, 2040, 95
2026/07/10 14:16:06.467, 76996, 299.80, 2055, 94
2026/07/10 14:16:08.467, 76996, 300.33, 2055, 93
2026/07/10 14:16:10.468, 76996, 300.11, 2092, 94
2026/07/10 14:16:12.468, 76996, 299.89, 2047, 94
2026/07/10 14:16:14.468, 76996, 299.95, 2085, 94
2026/07/10 14:16:16.469, 76996, 276.52, 2040, 94
2026/07/10 14:16:18.469, 76996, 300.33, 2085, 94
2026/07/10 14:16:20.469, 76996, 300.16, 2032, 94
2026/07/10 14:16:22.470, 76996, 300.37, 1912, 74
2026/07/10 14:16:24.470, 76996, 299.92, 2025, 94
2026/07/10 14:16:26.470, 76996, 299.57, 1942, 91
2026/07/10 14:16:28.471, 76996, 300.35, 2025, 94
2026/07/10 14:16:30.471, 76996, 302.50, 2032, 94
2026/07/10 14:16:32.471, 76996, 284.50, 2055, 94
2026/07/10 14:16:34.472, 76996, 300.18, 2055, 94
2026/07/10 14:16:36.472, 76996, 300.03, 2032, 94
2026/07/10 14:16:38.472, 76996, 300.01, 1950, 83
2026/07/10 14:16:40.472, 76996, 299.52, 2017, 92
2026/07/10 14:16:42.473, 76996, 300.00, 2017, 94
2026/07/10 14:16:44.473, 76996, 300.00, 2017, 95
2026/07/10 14:16:46.473, 76996, 300.30, 1942, 91
2026/07/10 14:16:48.474, 76996, 300.06, 1995, 91
2026/07/10 14:16:50.474, 76996, 300.00, 2055, 93
2026/07/10 14:16:52.474, 76996, 299.95, 2077, 94
2026/07/10 14:16:54.475, 76996, 300.07, 1957, 83
2026/07/10 14:16:56.475, 76996, 300.38, 1897, 74
2026/07/10 14:16:58.475, 76996, 299.96, 2025, 94
2026/07/10 14:17:00.475, 76996, 300.03, 2010, 95
2026/07/10 14:17:02.476, 76996, 271.28, 2107, 0
2026/07/10 14:17:04.476, 76996, 299.97, 1950, 91
2026/07/10 14:17:06.476, 76996, 299.95, 1995, 94
2026/07/10 14:17:08.477, 76996, 300.04, 1950, 94
2026/07/10 14:17:10.477, 76996, 299.98, 1942, 93
2026/07/10 14:17:12.477, 76996, 300.06, 1942, 94
2026/07/10 14:17:14.477, 76996, 299.94, 1950, 87
2026/07/10 14:17:16.478, 76996, 300.41, 1920, 83
2026/07/10 14:17:18.478, 76996, 301.12, 1897, 76
2026/07/10 14:17:20.478, 76996, 300.05, 2017, 94
2026/07/10 14:17:22.479, 76996, 299.99, 2017, 94
2026/07/10 14:17:24.479, 76996, 300.13, 2017, 93
2026/07/10 14:17:26.479, 76996, 298.73, 2025, 93
2026/07/10 14:17:28.479, 76996, 300.00, 2025, 93
2026/07/10 14:17:30.480, 76996, 299.63, 2025, 93
2026/07/10 14:17:32.480, 76996, 300.45, 2010, 94
2026/07/10 14:17:34.480, 76996, 300.06, 2017, 94
2026/07/10 14:17:36.481, 76996, 299.94, 2017, 94
2026/07/10 14:17:38.481, 76996, 300.02, 2025, 93
2026/07/10 14:17:40.481, 76996, 299.93, 2025, 93
2026/07/10 14:17:42.482, 76996, 300.06, 2017, 93
2026/07/10 14:17:44.482, 76996, 298.54, 2017, 93
2026/07/10 14:17:46.482, 76996, 298.34, 2025, 93
2026/07/10 14:17:48.483, 76996, 299.02, 2017, 93
2026/07/10 14:17:50.483, 76996, 300.04, 2025, 94
2026/07/10 14:17:52.483, 76996, 299.52, 1942, 91
2026/07/10 14:17:54.484, 76996, 299.84, 2017, 93
2026/07/10 14:17:56.484, 76996, 300.04, 2017, 93
2026/07/10 14:17:58.484, 76996, 299.87, 2040, 94
2026/07/10 14:18:00.485, 76996, 300.00, 2040, 93
2026/07/10 14:18:02.485, 76996, 300.46, 2010, 91
2026/07/10 14:18:04.485, 76996, 266.59, 2280, 92
2026/07/10 14:18:06.485, 76996, 299.93, 1957, 94
2026/07/10 14:18:08.486, 76996, 299.92, 1942, 93
2026/07/10 14:18:10.486, 76996, 299.92, 1950, 93
2026/07/10 14:18:12.486, 76996, 300.40, 1882, 84
2026/07/10 14:18:14.487, 76996, 299.47, 1920, 93
2026/07/10 14:18:16.487, 76996, 299.09, 2017, 94
2026/07/10 14:18:18.487, 76996, 299.23, 2017, 94
2026/07/10 14:18:20.487, 76996, 271.19, 2040, 94
2026/07/10 14:18:22.488, 76996, 299.95, 2010, 94
2026/07/10 14:18:24.488, 76996, 300.08, 2025, 94
2026/07/10 14:18:26.488, 76996, 299.96, 2017, 93
2026/07/10 14:18:28.489, 76996, 300.22, 1980, 91
2026/07/10 14:18:30.489, 76996, 300.45, 2047, 94
2026/07/10 14:18:32.489, 76996, 300.08, 1897, 91
2026/07/10 14:18:34.489, 76996, 299.56, 2017, 93
2026/07/10 14:18:36.490, 76996, 300.14, 2032, 92
2026/07/10 14:18:38.490, 76996, 297.61, 2017, 94
2026/07/10 14:18:40.490, 76996, 301.77, 2047, 91
2026/07/10 14:18:42.491, 76996, 300.04, 2047, 94
2026/07/10 14:18:44.491, 76996, 300.17, 2077, 94
2026/07/10 14:18:46.491, 76996, 300.04, 2032, 94
2026/07/10 14:18:48.491, 76996, 299.76, 2055, 94
2026/07/10 14:18:50.492, 76996, 268.98, 2295, 91
2026/07/10 14:18:52.492, 76996, 300.05, 1972, 93
2026/07/10 14:18:54.492, 76996, 299.92, 1965, 93
2026/07/10 14:18:56.492, 76996, 299.90, 1972, 94
2026/07/10 14:18:58.493, 76996, 300.36, 1935, 94
2026/07/10 14:19:00.493, 76996, 300.01, 2017, 91
2026/07/10 14:19:02.493, 76996, 300.42, 1935, 91
2026/07/10 14:19:04.493, 76996, 300.03, 2032, 93
2026/07/10 14:19:06.494, 76996, 268.20, 2092, 0
2026/07/10 14:19:08.494, 76996, 300.04, 2010, 93
2026/07/10 14:19:10.494, 76996, 299.95, 2017, 95
2026/07/10 14:19:12.495, 76996, 299.99, 2025, 95
2026/07/10 14:19:14.495, 76996, 300.01, 2032, 94
2026/07/10 14:19:16.495, 76996, 299.96, 2017, 94
2026/07/10 14:19:18.496, 76996, 299.92, 2032, 93
2026/07/10 14:19:20.496, 76996, 300.15, 2040, 94
2026/07/10 14:19:22.496, 76996, 309.41, 1957, 91
2026/07/10 14:19:24.496, 76996, 300.42, 1912, 84
2026/07/10 14:19:26.497, 76996, 296.19, 2032, 93
2026/07/10 14:19:28.497, 76996, 299.07, 2025, 94
2026/07/10 14:19:30.497, 76996, 299.04, 2025, 93
2026/07/10 14:19:32.497, 76996, 299.72, 2025, 94
2026/07/10 14:19:34.498, 76996, 301.42, 2025, 91
2026/07/10 14:19:36.498, 76996, 267.89, 2265, 90
2026/07/10 14:19:38.498, 76996, 300.37, 1920, 90
2026/07/10 14:19:40.499, 76996, 299.99, 2040, 94
2026/07/10 14:19:42.499, 76996, 300.02, 2025, 94
2026/07/10 14:19:44.499, 76996, 300.28, 1987, 91
2026/07/10 14:19:46.499, 76996, 300.14, 2055, 93
2026/07/10 14:19:48.500, 76996, 300.09, 2055, 93
2026/07/10 14:19:50.500, 76996, 300.28, 2040, 94
2026/07/10 14:19:52.500, 76996, 269.69, 2032, 93
2026/07/10 14:19:54.501, 76996, 303.05, 2047, 94
2026/07/10 14:19:56.501, 76996, 300.33, 2062, 93
2026/07/10 14:19:58.501, 76996, 300.11, 2055, 93
2026/07/10 14:20:00.501, 76996, 300.02, 2055, 94
2026/07/10 14:20:02.502, 76996, 299.97, 1942, 87
2026/07/10 14:20:04.502, 76996, 299.97, 1950, 83
2026/07/10 14:20:06.502, 76996, 299.53, 2032, 91
2026/07/10 14:20:08.503, 76996, 300.80, 1972, 82
2026/07/10 14:20:10.503, 76996, 299.97, 1965, 82
2026/07/10 14:20:12.503, 76996, 299.48, 2032, 95
2026/07/10 14:20:14.503, 76996, 299.98, 2032, 94
2026/07/10 14:20:16.504, 76996, 300.02, 2025, 94
2026/07/10 14:20:18.504, 76996, 300.21, 1972, 91
2026/07/10 14:20:20.504, 76996, 300.62, 2077, 93
2026/07/10 14:20:22.504, 76996, 269.75, 2062, 91
2026/07/10 14:20:24.505, 76996, 299.67, 1972, 91
2026/07/10 14:20:26.505, 76996, 300.00, 1950, 91
2026/07/10 14:20:28.505, 76996, 299.97, 1965, 74
2026/07/10 14:20:30.505, 76996, 300.03, 1980, 82
2026/07/10 14:20:32.506, 76996, 299.92, 1972, 78
2026/07/10 14:20:34.506, 76996, 299.97, 1980, 91
2026/07/10 14:20:36.506, 76996, 299.49, 2032, 94
2026/07/10 14:20:38.507, 76996, 268.10, 2130, 0
2026/07/10 14:20:40.507, 76996, 299.52, 2032, 94
2026/07/10 14:20:42.507, 76996, 299.99, 2040, 93
2026/07/10 14:20:44.507, 76996, 299.93, 2025, 94
2026/07/10 14:20:46.508, 76996, 302.19, 2002, 91
2026/07/10 14:20:48.508, 76996, 300.03, 2055, 94
2026/07/10 14:20:50.508, 76996, 300.05, 2017, 94
2026/07/10 14:20:52.509, 76996, 299.60, 2040, 94
2026/07/10 14:20:54.509, 76996, 300.57, 1965, 94
2026/07/10 14:20:56.509, 76996, 299.97, 1987, 93
2026/07/10 14:20:58.509, 76996, 299.88, 2017, 93
2026/07/10 14:21:00.509, 76996, 299.98, 2010, 93
2026/07/10 14:21:02.510, 76996, 299.95, 2025, 94
2026/07/10 14:21:04.510, 76996, 299.93, 2040, 93
2026/07/10 14:21:06.510, 76996, 299.23, 2032, 72
2026/07/10 14:21:08.510, 76996, 290.05, 2047, 28
2026/07/10 14:21:10.511, 76996, 301.79, 2040, 91
2026/07/10 14:21:12.511, 76996, 302.00, 2047, 92
2026/07/10 14:21:14.511, 76996, 299.86, 2070, 91
2026/07/10 14:21:16.512, 76996, 299.75, 1980, 94
2026/07/10 14:21:18.512, 76996, 299.63, 2002, 94
2026/07/10 14:21:20.512, 76996, 299.94, 2025, 93
2026/07/10 14:21:22.512, 76996, 299.97, 2017, 93
2026/07/10 14:21:24.513, 76996, 272.95, 2212, 91
2026/07/10 14:21:26.513, 76996, 298.72, 1950, 82
2026/07/10 14:21:28.513, 76996, 300.41, 2032, 82
2026/07/10 14:21:30.514, 76996, 300.36, 2002, 93
2026/07/10 14:21:32.514, 76996, 299.95, 1950, 93
2026/07/10 14:21:34.514, 76996, 300.01, 1980, 93
2026/07/10 14:21:36.515, 76996, 300.37, 1905, 91
2026/07/10 14:21:38.515, 76996, 300.08, 2032, 94
2026/07/10 14:21:40.515, 76996, 268.42, 2047, 93
2026/07/10 14:21:42.515, 76996, 300.46, 1942, 91
2026/07/10 14:21:44.516, 76996, 299.93, 2047, 93
2026/07/10 14:21:46.516, 76996, 299.99, 2032, 93
2026/07/10 14:21:48.516, 76996, 300.20, 2040, 92
2026/07/10 14:21:50.517, 76996, 300.04, 2055, 93
2026/07/10 14:21:52.517, 76996, 300.14, 2077, 94
2026/07/10 14:21:54.517, 76996, 262.14, 2205, 75
2026/07/10 14:21:56.518, 76996, 299.65, 1972, 94
2026/07/10 14:21:58.518, 76996, 299.92, 1987, 93
2026/07/10 14:22:00.518, 76996, 299.98, 1995, 94
2026/07/10 14:22:02.519, 76996, 299.56, 2040, 94
2026/07/10 14:22:04.519, 76996, 299.99, 2032, 93
2026/07/10 14:22:06.519, 76996, 299.96, 2032, 93
2026/07/10 14:22:08.520, 76996, 299.99, 2032, 94
2026/07/10 14:22:10.520, 76996, 263.62, 2077, 93
2026/07/10 14:22:12.520, 76996, 299.98, 2017, 93
2026/07/10 14:22:14.520, 76996, 299.90, 2025, 93
2026/07/10 14:22:16.521, 76996, 299.91, 2032, 94
2026/07/10 14:22:18.521, 76996, 299.99, 2025, 93
2026/07/10 14:22:20.521, 76996, 299.94, 2032, 93
2026/07/10 14:22:22.522, 76996, 300.08, 2025, 94
2026/07/10 14:22:24.522, 76996, 300.85, 2055, 92
2026/07/10 14:22:26.522, 76996, 273.95, 2017, 92
2026/07/10 14:22:28.523, 76996, 299.96, 1950, 93
2026/07/10 14:22:30.523, 76996, 300.45, 1927, 91
2026/07/10 14:22:32.523, 76996, 299.54, 2040, 92
2026/07/10 14:22:34.523, 76996, 297.24, 2025, 74
2026/07/10 14:22:36.524, 76996, 299.36, 2032, 82
2026/07/10 14:22:38.524, 76996, 300.19, 2040, 95
2026/07/10 14:22:40.524, 76996, 299.91, 2032, 94
2026/07/10 14:22:42.525, 76996, 300.91, 2017, 94
2026/07/10 14:22:44.525, 76996, 300.03, 1965, 93
2026/07/10 14:22:46.525, 76996, 299.94, 1957, 93
2026/07/10 14:22:48.525, 76996, 299.90, 1950, 93
2026/07/10 14:22:50.526, 76996, 299.97, 1972, 93
2026/07/10 14:22:52.526, 76996, 299.96, 1965, 93
2026/07/10 14:22:54.526, 76996, 299.93, 1972, 94
2026/07/10 14:22:56.527, 76996, 300.00, 1987, 93
2026/07/10 14:22:58.527, 76996, 300.94, 1980, 94
2026/07/10 14:23:00.527, 76996, 300.06, 1965, 93
2026/07/10 14:23:02.528, 76996, 300.01, 1957, 93
2026/07/10 14:23:04.528, 76996, 299.89, 1935, 94
2026/07/10 14:23:06.528, 76996, 300.08, 1965, 93
2026/07/10 14:23:08.529, 76996, 299.51, 2032, 94
2026/07/10 14:23:10.529, 76996, 301.20, 2040, 83
2026/07/10 14:23:12.529, 76996, 274.01, 1972, 81
2026/07/10 14:23:14.530, 76996, 301.21, 2017, 94
2026/07/10 14:23:16.530, 76996, 299.93, 2055, 95
2026/07/10 14:23:18.530, 76996, 299.88, 2032, 95
2026/07/10 14:23:20.531, 76996, 299.97, 1965, 94
2026/07/10 14:23:22.531, 76996, 299.93, 1965, 94
2026/07/10 14:23:24.531, 76996, 300.33, 1920, 91
2026/07/10 14:23:26.531, 76996, 299.99, 2017, 94
2026/07/10 14:23:28.532, 76996, 271.35, 2040, 94
2026/07/10 14:23:30.532, 76996, 299.89, 2025, 93
2026/07/10 14:23:32.532, 76996, 298.64, 1920, 73
2026/07/10 14:23:34.533, 76996, 299.88, 2025, 87
2026/07/10 14:23:36.533, 76996, 301.30, 2032, 90
2026/07/10 14:23:38.533, 76996, 299.96, 2040, 94
2026/07/10 14:23:40.534, 76996, 299.91, 2062, 94
2026/07/10 14:23:42.534, 76996, 272.08, 2032, 0
2026/07/10 14:23:44.534, 76996, 299.81, 2092, 92
2026/07/10 14:23:46.535, 76996, 300.07, 2055, 92
2026/07/10 14:23:48.535, 76996, 300.08, 2085, 93
2026/07/10 14:23:50.535, 76996, 300.15, 2055, 94
2026/07/10 14:23:52.536, 76996, 299.97, 2062, 94
2026/07/10 14:23:54.536, 76996, 299.74, 2032, 95
2026/07/10 14:23:56.536, 76996, 299.87, 2040, 93
2026/07/10 14:23:58.537, 76996, 264.51, 2295, 93
2026/07/10 14:24:00.537, 76996, 299.99, 1987, 93
2026/07/10 14:24:02.537, 76996, 299.55, 2025, 93
2026/07/10 14:24:04.538, 76996, 299.97, 2025, 93
2026/07/10 14:24:06.538, 76996, 299.99, 2032, 93
2026/07/10 14:24:08.538, 76996, 299.90, 2032, 93
2026/07/10 14:24:10.539, 76996, 300.01, 2032, 93
2026/07/10 14:24:12.539, 76996, 299.99, 2025, 93
2026/07/10 14:24:14.539, 76996, 270.28, 2152, 93
2026/07/10 14:24:16.540, 76996, 299.96, 1980, 94
2026/07/10 14:24:18.540, 76996, 299.98, 2002, 93
2026/07/10 14:24:20.540, 76996, 299.96, 2010, 93
2026/07/10 14:24:22.541, 76996, 300.04, 2017, 94
2026/07/10 14:24:24.541, 76996, 300.05, 2032, 94
2026/07/10 14:24:26.541, 76996, 299.61, 1935, 82
2026/07/10 14:24:28.541, 76996, 299.57, 2032, 82
2026/07/10 14:24:30.542, 76996, 272.52, 2047, 93
2026/07/10 14:24:32.542, 76996, 302.14, 2025, 94
2026/07/10 14:24:34.542, 76996, 299.66, 1995, 94
2026/07/10 14:24:36.543, 76996, 299.73, 1980, 93
2026/07/10 14:24:38.543, 76996, 299.98, 1972, 93
2026/07/10 14:24:40.543, 76996, 299.52, 2010, 93
2026/07/10 14:24:42.544, 76996, 299.47, 2032, 94
2026/07/10 14:24:44.544, 76996, 300.61, 2055, 92
2026/07/10 14:24:46.544, 76996, 284.65, 2032, 91
2026/07/10 14:24:48.544, 76996, 300.29, 2002, 92
2026/07/10 14:24:50.545, 76996, 299.85, 2100, 92
2026/07/10 14:24:52.545, 76996, 300.12, 2055, 93
2026/07/10 14:24:54.546, 76996, 299.96, 2085, 94
2026/07/10 14:24:56.546, 76996, 299.93, 2047, 94
2026/07/10 14:24:58.547, 76996, 299.90, 2070, 95
2026/07/10 14:25:00.547, 76996, 259.11, 2175, 15
2026/07/10 14:25:02.547, 76996, 299.89, 2025, 94
2026/07/10 14:25:04.548, 76996, 299.73, 1957, 94
2026/07/10 14:25:06.548, 76996, 299.85, 1957, 94
2026/07/10 14:25:08.548, 76996, 300.04, 1957, 93
2026/07/10 14:25:10.549, 76996, 300.02, 1957, 93
2026/07/10 14:25:12.549, 76996, 299.93, 1950, 93
2026/07/10 14:25:14.549, 76996, 299.97, 1950, 94
2026/07/10 14:25:16.549, 76996, 267.30, 2295, 94
2026/07/10 14:25:18.550, 76996, 299.92, 2010, 94
2026/07/10 14:25:20.550, 76996, 299.97, 1965, 94
2026/07/10 14:25:22.550, 76996, 300.34, 1942, 91
2026/07/10 14:25:24.551, 76996, 300.02, 2010, 94
2026/07/10 14:25:26.551, 76996, 299.96, 2025, 93
2026/07/10 14:25:28.551, 76996, 298.30, 2032, 83
2026/07/10 14:25:30.552, 76996, 301.44, 2040, 83
2026/07/10 14:25:32.552, 76996, 271.14, 2055, 93
2026/07/10 14:25:34.552, 76996, 300.06, 1935, 81
2026/07/10 14:25:36.552, 76996, 299.98, 2032, 95
2026/07/10 14:25:38.553, 76996, 299.81, 2032, 94
2026/07/10 14:25:40.553, 76996, 299.97, 2017, 93
2026/07/10 14:25:42.553, 76996, 299.68, 1972, 94
2026/07/10 14:25:44.554, 76996, 299.88, 1965, 93
2026/07/10 14:25:46.554, 76996, 300.04, 1957, 93
2026/07/10 14:25:48.554, 76996, 309.05, 2062, 93
2026/07/10 14:25:50.555, 76996, 300.28, 2047, 94
2026/07/10 14:25:52.555, 76996, 299.79, 1965, 93
2026/07/10 14:25:54.555, 76996, 300.01, 1957, 93
2026/07/10 14:25:56.555, 76996, 297.95, 1927, 72
2026/07/10 14:25:58.556, 76996, 299.83, 2025, 89
2026/07/10 14:26:00.556, 76996, 299.68, 2047, 94
2026/07/10 14:26:02.556, 76996, 270.91, 2242, 94
2026/07/10 14:26:04.557, 76996, 300.01, 1980, 94
2026/07/10 14:26:06.557, 76996, 299.88, 1950, 94
2026/07/10 14:26:08.557, 76996, 299.95, 1942, 94
2026/07/10 14:26:10.558, 76996, 300.38, 1920, 91
2026/07/10 14:26:12.558, 76996, 299.87, 1950, 81
2026/07/10 14:26:14.558, 76996, 300.38, 2025, 92
2026/07/10 14:26:16.558, 76996, 300.04, 2025, 93
2026/07/10 14:26:18.559, 76996, 300.11, 1980, 91
2026/07/10 14:26:20.559, 76996, 299.97, 1980, 92
2026/07/10 14:26:22.559, 76996, 299.97, 2010, 92
2026/07/10 14:26:24.560, 76996, 299.97, 1965, 91
2026/07/10 14:26:26.560, 76996, 299.93, 2062, 93
2026/07/10 14:26:28.560, 76996, 300.02, 1987, 93
2026/07/10 14:26:30.561, 76996, 299.79, 1987, 93
2026/07/10 14:26:32.561, 76996, 265.64, 2280, 93
2026/07/10 14:26:34.561, 76996, 300.00, 2077, 94
2026/07/10 14:26:36.561, 76996, 299.99, 2040, 94
2026/07/10 14:26:38.562, 76996, 299.91, 2062, 94
2026/07/10 14:26:40.562, 76996, 299.65, 1965, 88
2026/07/10 14:26:42.562, 76996, 299.91, 1972, 91
2026/07/10 14:26:44.563, 76996, 300.03, 2002, 91
2026/07/10 14:26:46.563, 76996, 300.08, 2025, 91
2026/07/10 14:26:48.563, 76996, 271.50, 2092, 14
2026/07/10 14:26:50.564, 76996, 169.24, 2332, 0
2026/07/10 14:26:52.564, 76996, 113.02, 2302, 0
2026/07/10 14:26:54.564, 76996, 188.87, 2040, 91
2026/07/10 14:26:56.565, 75490, 300.02, 1995, 82
2026/07/10 14:26:58.565, 75490, 299.90, 2002, 92
2026/07/10 14:27:00.565, 75490, 299.39, 2032, 88
2026/07/10 14:27:02.565, 75490, 299.85, 2010, 92
2026/07/10 14:27:04.566, 72526, 298.81, 1980, 89
2026/07/10 14:27:06.566, 72522, 300.00, 1980, 89
2026/07/10 14:27:08.566, 72522, 300.00, 1980, 92
2026/07/10 14:27:10.567, 75490, 299.84, 1987, 92
2026/07/10 14:27:12.567, 75490, 300.47, 1980, 91
2026/07/10 14:27:14.567, 75490, 300.10, 1987, 92
2026/07/10 14:27:16.568, 75490, 300.02, 1987, 84
2026/07/10 14:27:18.568, 75490, 299.96, 2032, 90
2026/07/10 14:27:20.568, 75490, 299.92, 2017, 90
2026/07/10 14:27:22.569, 75490, 299.92, 2010, 92
2026/07/10 14:27:24.569, 72526, 300.93, 1950, 90
2026/07/10 14:27:26.569, 72522, 299.99, 1965, 92
2026/07/10 14:27:28.569, 75490, 300.05, 1980, 88
2026/07/10 14:27:30.570, 72238, 114.24, 2332, 0
