# bench/sd2/audit_read.tsv -- the read's package-diff audit (PREREG-sd2.md, Amendment 3): every experts4bit_qlora file that
# differs between the proven 539a2d26 and the read's target, with why it is off (or on) the SD2 serve path.
# sd2_audit.py refuses a launch on a changed file not listed here, or a listed file that no longer differs.
# path<TAB>off|on<TAB>reason
experts4bit_qlora/__init__.py	off	the version string, 0.52.0 -> 0.53.0; metadata
experts4bit_qlora/arch/topology.py	off	a fused_qkv_numel field counted in describe_moe, which the server calls only for E4B_PAGED_MAX_SEQS=auto (the read pins 16); routed_top_k, which it does call, is unchanged
experts4bit_qlora/engines/dense_offload.py	off	the kept-small branch of enable_dense_offload stores a Params4bit as .to() returns it (#1575); the server never calls enable_dense_offload (the module is imported with the package)
experts4bit_qlora/engines/fast.py	off	the fused q/k/v training projection on by default inside enable_fast_train / disable_fast_train; training only, never called by the server (the module is imported with the package)
experts4bit_qlora/engines/train_qkv_fuse.py	off	the fused q/k/v training projection itself; imported only by the training paths above and by recipe estimates, none of which the server runs
experts4bit_qlora/recipe.py	off	training memory-estimate terms (estimate_env, the fused q/k/v absmax bytes); serve_recipe imports only Footprint, FootprintItem, QLoRASetup, _module_bytes and _stack_modules, all unchanged
